"instance","maxdepth","ratio","solver","total_time","iter_0","iter_1","iter_2","iter_3","iter_4","iter_5","iter_6","iter_7","iter_8","iter_9","iter_10","iter_11","iter_12","iter_13","iter_14","iter_15","iter_16","iter_17","iter_18","iter_19","iter_20"
"anneal-un",2,20,"inc",7200,269.69,7200,7200,7200,7200,7200,7200,7200,7200,7200,7200,7200,7200,7200,7200,7200,7200,7200,7200,7200,7200
"anneal-un",2,30,"inc",7200,560.13,7200,7200,7200,7200,7200,7200,7200,7200,7200,7200,7200,7200,7200,7200,7200,7200,7200,7200,7200,7200
"anneal-un",2,40,"inc",7200,715.53,7200,7200,7200,7200,7200,7200,7200,7200,7200,7200,7200,7200,7200,7200,7200,7200,7200,7200,7200,7200
"anneal-un",2,50,"inc",7200,1074.75,7200,7200,7200,7200,7200,7200,7200,7200,7200,7200,7200,7200,7200,7200,7200,7200,7200,7200,7200,7200
"anneal-un",2,60,"inc",7200,819.65,7200,7200,7200,7200,7200,7200,7200,7200,7200,7200,7200,7200,7200,7200,7200,7200,7200,7200,7200,7200
"anneal-un",2,70,"inc",7200,1201.89,7200,7200,7200,7200,7200,7200,7200,7200,7200,7200,7200,7200,7200,7200,7200,7200,7200,7200,7200,7200
"anneal-un",2,80,"inc",7200,1872.57,7200,7200,7200,7200,7200,7200,7200,7200,7200,7200,7200,7200,7200,7200,7200,7200,7200,7200,7200,7200
"audiology-un",2,20,"inc",311.85,14.86,144.44,37.96,0.01,4.55,29.1,9.23,32,4.18,0.02,0.01,0.02,0.08,0.03,18.6,4.61,4.95,5.89,0.02,0.05,0.04
"audiology-un",2,30,"inc",818.09,47.97,144.39,171.35,69.39,44.99,126.44,6.91,31.59,0.26,0.09,31.3,10.48,0.09,15.12,23.32,45.72,34.38,0.08,0.07,12.69,0.1
"audiology-un",2,40,"inc",2397.36,25.09,119.65,200.74,200.52,391.23,236.73,178.67,125.67,189.76,282.24,0.66,10.27,29.14,42.16,25.18,29.37,168.67,85.97,0.14,0.15,53.97
"audiology-un",2,50,"inc",6041.26,156.79,806.96,428.23,791.71,1362.26,1801.9,137.88,0.41,140.76,1.53,189.67,208.28,1.97,1.82,1.56,1.62,1.38,1.13,1.48,1.13,1.25
"audiology-un",2,60,"inc",7200,239.36,607.29,2276.17,454.71,7200,7200,7200,7200,7200,7200,7200,7200,7200,7200,7200,7200,7200,7200,7200,7200,7200
"audiology-un",2,70,"inc",7200,249.78,1209.71,2422.97,548.33,7200,7200,7200,7200,7200,7200,7200,7200,7200,7200,7200,7200,7200,7200,7200,7200,7200
"audiology-un",2,80,"inc",7200,260.65,2218.25,7200,7200,7200,7200,7200,7200,7200,7200,7200,7200,7200,7200,7200,7200,7200,7200,7200,7200,7200
"australian-credit-un",2,20,"inc",7200,1217.48,2277.24,7200,7200,7200,7200,7200,7200,7200,7200,7200,7200,7200,7200,7200,7200,7200,7200,7200,7200,7200
"australian-credit-un",2,30,"inc",7200,7200,7200,7200,7200,7200,7200,7200,7200,7200,7200,7200,7200,7200,7200,7200,7200,7200,7200,7200,7200,7200
"australian-credit-un",2,40,"inc",7200,7200,7200,7200,7200,7200,7200,7200,7200,7200,7200,7200,7200,7200,7200,7200,7200,7200,7200,7200,7200,7200
"australian-credit-un",2,50,"inc",7200,7200,7200,7200,7200,7200,7200,7200,7200,7200,7200,7200,7200,7200,7200,7200,7200,7200,7200,7200,7200,7200
"australian-credit-un",2,60,"inc",7200,7200,7200,7200,7200,7200,7200,7200,7200,7200,7200,7200,7200,7200,7200,7200,7200,7200,7200,7200,7200,7200
"australian-credit-un",2,70,"inc",7200,7200,7200,7200,7200,7200,7200,7200,7200,7200,7200,7200,7200,7200,7200,7200,7200,7200,7200,7200,7200,7200
"australian-credit-un",2,80,"inc",7200,7200,7200,7200,7200,7200,7200,7200,7200,7200,7200,7200,7200,7200,7200,7200,7200,7200,7200,7200,7200,7200
"breast-cancer-un",2,20,"inc",38.55,0.52,3.15,2.02,0.09,0.77,1.49,2.35,0.02,0.67,2.34,5.04,2.96,2.13,0.71,0.91,1.12,2.28,0.08,5.2,1.11,2.59
"breast-cancer-un",2,30,"inc",161.1,3.42,22.64,7.38,14.65,19.19,25.65,23.61,20.62,7.15,14.82,0.07,0.08,0.07,0.07,0.07,0.06,0.06,0.06,0.06,0.06,0.06
"breast-cancer-un",2,40,"inc",7200,23.82,7200,7200,7200,7200,7200,7200,7200,7200,7200,7200,7200,7200,7200,7200,7200,7200,7200,7200,7200,7200
"breast-cancer-un",2,50,"inc",7200,30.46,243.91,240.41,47.51,298.44,429.13,7200,7200,7200,7200,7200,7200,7200,7200,7200,7200,7200,7200,7200,7200,7200
"breast-cancer-un",2,60,"inc",7200,40.69,7200,7200,7200,7200,7200,7200,7200,7200,7200,7200,7200,7200,7200,7200,7200,7200,7200,7200,7200,7200
"breast-cancer-un",2,70,"inc",7200,38.72,7200,7200,7200,7200,7200,7200,7200,7200,7200,7200,7200,7200,7200,7200,7200,7200,7200,7200,7200,7200
"breast-cancer-un",2,80,"inc",7200,63.94,7200,7200,7200,7200,7200,7200,7200,7200,7200,7200,7200,7200,7200,7200,7200,7200,7200,7200,7200,7200
"car-un",2,20,"inc",7200,7200,7200,7200,7200,7200,7200,7200,7200,7200,7200,7200,7200,7200,7200,7200,7200,7200,7200,7200,7200,7200
"car-un",2,30,"inc",7200,7200,7200,7200,7200,7200,7200,7200,7200,7200,7200,7200,7200,7200,7200,7200,7200,7200,7200,7200,7200,7200
"car-un",2,40,"inc",7200,7200,7200,7200,7200,7200,7200,7200,7200,7200,7200,7200,7200,7200,7200,7200,7200,7200,7200,7200,7200,7200
"car-un",2,50,"inc",7200,7200,7200,7200,7200,7200,7200,7200,7200,7200,7200,7200,7200,7200,7200,7200,7200,7200,7200,7200,7200,7200
"car-un",2,60,"inc",7200,7200,7200,7200,7200,7200,7200,7200,7200,7200,7200,7200,7200,7200,7200,7200,7200,7200,7200,7200,7200,7200
"car-un",2,70,"inc",7200,43.36,7200,7200,7200,7200,7200,7200,7200,7200,7200,7200,7200,7200,7200,7200,7200,7200,7200,7200,7200,7200
"car-un",2,80,"inc",7200,7200,7200,7200,7200,7200,7200,7200,7200,7200,7200,7200,7200,7200,7200,7200,7200,7200,7200,7200,7200,7200
"heart-cleveland-un",2,20,"inc",7200,41.53,155.5,74.87,254.63,927.03,5330.81,7200,7200,7200,7200,7200,7200,7200,7200,7200,7200,7200,7200,7200,7200,7200
"heart-cleveland-un",2,30,"inc",7200,205.64,787.56,1487.76,7200,7200,7200,7200,7200,7200,7200,7200,7200,7200,7200,7200,7200,7200,7200,7200,7200,7200
"heart-cleveland-un",2,40,"inc",7200,632.31,1446.04,7200,7200,7200,7200,7200,7200,7200,7200,7200,7200,7200,7200,7200,7200,7200,7200,7200,7200,7200
"heart-cleveland-un",2,50,"inc",7200,7200,7200,7200,7200,7200,7200,7200,7200,7200,7200,7200,7200,7200,7200,7200,7200,7200,7200,7200,7200,7200
"heart-cleveland-un",2,60,"inc",7200,7200,7200,7200,7200,7200,7200,7200,7200,7200,7200,7200,7200,7200,7200,7200,7200,7200,7200,7200,7200,7200
"heart-cleveland-un",2,70,"inc",7200,7200,7200,7200,7200,7200,7200,7200,7200,7200,7200,7200,7200,7200,7200,7200,7200,7200,7200,7200,7200,7200
"heart-cleveland-un",2,80,"inc",7200,7200,7200,7200,7200,7200,7200,7200,7200,7200,7200,7200,7200,7200,7200,7200,7200,7200,7200,7200,7200,7200
"hypothyroid-un",2,20,"inc",7200,127.4,7200,7200,7200,7200,7200,7200,7200,7200,7200,7200,7200,7200,7200,7200,7200,7200,7200,7200,7200,7200
"hypothyroid-un",2,30,"inc",7200,283.39,2808.35,7200,7200,7200,7200,7200,7200,7200,7200,7200,7200,7200,7200,7200,7200,7200,7200,7200,7200,7200
"hypothyroid-un",2,40,"inc",7200,534.29,7200,7200,7200,7200,7200,7200,7200,7200,7200,7200,7200,7200,7200,7200,7200,7200,7200,7200,7200,7200
"hypothyroid-un",2,50,"inc",7200,375.63,7200,7200,7200,7200,7200,7200,7200,7200,7200,7200,7200,7200,7200,7200,7200,7200,7200,7200,7200,7200
"hypothyroid-un",2,60,"inc",7200,595.62,5233.18,7200,7200,7200,7200,7200,7200,7200,7200,7200,7200,7200,7200,7200,7200,7200,7200,7200,7200,7200
"hypothyroid-un",2,70,"inc",7200,618.21,7200,7200,7200,7200,7200,7200,7200,7200,7200,7200,7200,7200,7200,7200,7200,7200,7200,7200,7200,7200
"hypothyroid-un",2,80,"inc",7200,357.47,7200,7200,7200,7200,7200,7200,7200,7200,7200,7200,7200,7200,7200,7200,7200,7200,7200,7200,7200,7200
"kr-vs-kp-un",2,20,"inc",7200,7200,7200,7200,7200,7200,7200,7200,7200,7200,7200,7200,7200,7200,7200,7200,7200,7200,7200,7200,7200,7200
"kr-vs-kp-un",2,30,"inc",7200,7200,7200,7200,7200,7200,7200,7200,7200,7200,7200,7200,7200,7200,7200,7200,7200,7200,7200,7200,7200,7200
"kr-vs-kp-un",2,40,"inc",7200,7200,7200,7200,7200,7200,7200,7200,7200,7200,7200,7200,7200,7200,7200,7200,7200,7200,7200,7200,7200,7200
"kr-vs-kp-un",2,50,"inc",7200,7200,7200,7200,7200,7200,7200,7200,7200,7200,7200,7200,7200,7200,7200,7200,7200,7200,7200,7200,7200,7200
"kr-vs-kp-un",2,60,"inc",7200,7200,7200,7200,7200,7200,7200,7200,7200,7200,7200,7200,7200,7200,7200,7200,7200,7200,7200,7200,7200,7200
"kr-vs-kp-un",2,70,"inc",7200,7200,7200,7200,7200,7200,7200,7200,7200,7200,7200,7200,7200,7200,7200,7200,7200,7200,7200,7200,7200,7200
"kr-vs-kp-un",2,80,"inc",7200,7200,7200,7200,7200,7200,7200,7200,7200,7200,7200,7200,7200,7200,7200,7200,7200,7200,7200,7200,7200,7200
"lymph-un",2,20,"inc",20.62,4.57,0.11,2.4,3.11,0.02,0.87,1.14,1.64,1.45,0.02,0.12,1.14,0.02,1.11,0.01,0.01,0.28,0.01,1.02,0.01,0.92
"lymph-un",2,30,"inc",269.93,32.87,49.21,4.47,20.07,20.98,26.55,17.08,14.56,5.58,17.63,6.69,7.91,8.07,6.59,6.17,0.5,13.4,8.19,2.03,0.31,0.5
"lymph-un",2,40,"inc",871.45,69.46,53.06,53.7,147.66,72,6.79,43.99,41.9,29.27,78.71,26.32,41.63,35.45,15.52,8.56,45.02,35.39,17.1,22.81,15.11,11.34
"lymph-un",2,50,"inc",1986.66,164.6,130.13,105.56,456.7,92.22,109.47,164.35,110.69,15.69,167.02,53.79,91.69,57.96,134.6,11.91,21.02,20.78,71.21,2.49,1.77,2.33
"lymph-un",2,60,"inc",3569.32,217.82,200.76,694.91,235.78,49.59,185.03,90.02,485.82,355.3,207.5,170.3,84.65,218.19,202.81,30.15,26.81,4.65,47.01,31.41,5.95,24.12
"lymph-un",2,70,"inc",7200,237.1,285.25,1721.52,756.6,814.22,618.54,361.19,230.4,274.62,243.05,45.52,188.09,57.61,63.62,309.72,333.38,235.7,7200,7200,7200,7200
"lymph-un",2,80,"inc",7200,253.1,7200,7200,7200,7200,7200,7200,7200,7200,7200,7200,7200,7200,7200,7200,7200,7200,7200,7200,7200,7200
"mushroom-un",2,20,"inc",7200,7200,7200,7200,7200,7200,7200,7200,7200,7200,7200,7200,7200,7200,7200,7200,7200,7200,7200,7200,7200,7200
"mushroom-un",2,30,"inc",7200,7200,7200,7200,7200,7200,7200,7200,7200,7200,7200,7200,7200,7200,7200,7200,7200,7200,7200,7200,7200,7200
"mushroom-un",2,40,"inc",7200,7200,7200,7200,7200,7200,7200,7200,7200,7200,7200,7200,7200,7200,7200,7200,7200,7200,7200,7200,7200,7200
"mushroom-un",2,50,"inc",7200,7200,7200,7200,7200,7200,7200,7200,7200,7200,7200,7200,7200,7200,7200,7200,7200,7200,7200,7200,7200,7200
"mushroom-un",2,60,"inc",7200,7200,7200,7200,7200,7200,7200,7200,7200,7200,7200,7200,7200,7200,7200,7200,7200,7200,7200,7200,7200,7200
"mushroom-un",2,70,"inc",7200,7200,7200,7200,7200,7200,7200,7200,7200,7200,7200,7200,7200,7200,7200,7200,7200,7200,7200,7200,7200,7200
"mushroom-un",2,80,"inc",7200,7200,7200,7200,7200,7200,7200,7200,7200,7200,7200,7200,7200,7200,7200,7200,7200,7200,7200,7200,7200,7200
"primary-tumor-un",2,20,"inc",31.62,4.34,6.38,4.3,9.05,2.53,0.29,0.3,0.29,0.29,0.3,0.29,0.29,0.3,0.3,0.3,0.3,0.29,0.29,0.29,0.29,0.29
"primary-tumor-un",2,30,"inc",98.67,7.93,14.14,21.4,37.49,10.84,5.65,0.34,0.06,0.03,0.03,0.03,0.03,0.03,0.03,0.03,0.03,0.03,0.03,0.03,0.03,0.03
"primary-tumor-un",2,40,"inc",859.18,21.2,43.56,301.77,132.33,101.2,117.65,62.3,74.37,1.79,1.62,0.24,0.08,0.07,0.08,0.08,0.07,0.07,0.07,0.07,0.07,0.07
"primary-tumor-un",2,50,"inc",7200,72.92,7200,7200,7200,7200,7200,7200,7200,7200,7200,7200,7200,7200,7200,7200,7200,7200,7200,7200,7200,7200
"primary-tumor-un",2,60,"inc",7200,120.36,7200,7200,7200,7200,7200,7200,7200,7200,7200,7200,7200,7200,7200,7200,7200,7200,7200,7200,7200,7200
"primary-tumor-un",2,70,"inc",7200,181.97,7200,7200,7200,7200,7200,7200,7200,7200,7200,7200,7200,7200,7200,7200,7200,7200,7200,7200,7200,7200
"primary-tumor-un",2,80,"inc",7200,312.52,7200,7200,7200,7200,7200,7200,7200,7200,7200,7200,7200,7200,7200,7200,7200,7200,7200,7200,7200,7200
"soybean-un",2,20,"inc",563.85,10.15,36.25,23.26,19.13,101.27,183.7,136.96,3.24,3.99,4.08,3.77,3.21,3.23,3.22,3.23,4.1,4.09,4.1,4.09,4.1,4.1
"soybean-un",2,30,"inc",7200,42.68,3436.65,93.95,152.03,276.21,361.49,403.17,460.15,406.68,433.87,242.39,696.06,7200,7200,7200,7200,7200,7200,7200,7200,7200
"soybean-un",2,40,"inc",7200,51.71,7200,7200,7200,7200,7200,7200,7200,7200,7200,7200,7200,7200,7200,7200,7200,7200,7200,7200,7200,7200
"soybean-un",2,50,"inc",7200,91.89,7200,7200,7200,7200,7200,7200,7200,7200,7200,7200,7200,7200,7200,7200,7200,7200,7200,7200,7200,7200
"soybean-un",2,60,"inc",7200,96.42,7200,7200,7200,7200,7200,7200,7200,7200,7200,7200,7200,7200,7200,7200,7200,7200,7200,7200,7200,7200
"soybean-un",2,70,"inc",7200,196.49,7200,7200,7200,7200,7200,7200,7200,7200,7200,7200,7200,7200,7200,7200,7200,7200,7200,7200,7200,7200
"soybean-un",2,80,"inc",7200,199.26,7200,7200,7200,7200,7200,7200,7200,7200,7200,7200,7200,7200,7200,7200,7200,7200,7200,7200,7200,7200
"splice-1-un",2,20,"inc",7200,7200,7200,7200,7200,7200,7200,7200,7200,7200,7200,7200,7200,7200,7200,7200,7200,7200,7200,7200,7200,7200
"splice-1-un",2,30,"inc",7200,7200,7200,7200,7200,7200,7200,7200,7200,7200,7200,7200,7200,7200,7200,7200,7200,7200,7200,7200,7200,7200
"splice-1-un",2,40,"inc",7200,7200,7200,7200,7200,7200,7200,7200,7200,7200,7200,7200,7200,7200,7200,7200,7200,7200,7200,7200,7200,7200
"splice-1-un",2,50,"inc",7200,7200,7200,7200,7200,7200,7200,7200,7200,7200,7200,7200,7200,7200,7200,7200,7200,7200,7200,7200,7200,7200
"splice-1-un",2,60,"inc",7200,7200,7200,7200,7200,7200,7200,7200,7200,7200,7200,7200,7200,7200,7200,7200,7200,7200,7200,7200,7200,7200
"splice-1-un",2,70,"inc",7200,7200,7200,7200,7200,7200,7200,7200,7200,7200,7200,7200,7200,7200,7200,7200,7200,7200,7200,7200,7200,7200
"splice-1-un",2,80,"inc",7200,7200,7200,7200,7200,7200,7200,7200,7200,7200,7200,7200,7200,7200,7200,7200,7200,7200,7200,7200,7200,7200
"tic-tac-toe-un",2,20,"inc",7200,82.65,7200,7200,7200,7200,7200,7200,7200,7200,7200,7200,7200,7200,7200,7200,7200,7200,7200,7200,7200,7200
"tic-tac-toe-un",2,30,"inc",7200,114.6,2053.06,7200,7200,7200,7200,7200,7200,7200,7200,7200,7200,7200,7200,7200,7200,7200,7200,7200,7200,7200
"tic-tac-toe-un",2,40,"inc",7200,322.16,7200,7200,7200,7200,7200,7200,7200,7200,7200,7200,7200,7200,7200,7200,7200,7200,7200,7200,7200,7200
"tic-tac-toe-un",2,50,"inc",7200,173.66,7200,7200,7200,7200,7200,7200,7200,7200,7200,7200,7200,7200,7200,7200,7200,7200,7200,7200,7200,7200
"tic-tac-toe-un",2,60,"inc",7200,525.59,7200,7200,7200,7200,7200,7200,7200,7200,7200,7200,7200,7200,7200,7200,7200,7200,7200,7200,7200,7200
"tic-tac-toe-un",2,70,"inc",7200,332.59,7200,7200,7200,7200,7200,7200,7200,7200,7200,7200,7200,7200,7200,7200,7200,7200,7200,7200,7200,7200
"tic-tac-toe-un",2,80,"inc",7200,377.01,7200,7200,7200,7200,7200,7200,7200,7200,7200,7200,7200,7200,7200,7200,7200,7200,7200,7200,7200,7200
"vote-un",2,20,"inc",261.33,15.8,0.09,28.22,18.01,37.6,10.08,11.28,23.84,4.78,5.18,4.02,12.17,9.91,26.27,2.99,18.54,4.72,3.62,17.22,1.09,5.39
"vote-un",2,30,"inc",374.1,14.58,34.07,93.06,54.02,91.26,48.82,36.65,0.42,0.09,0.05,0.04,0.04,0.05,0.04,0.04,0.04,0.04,0.04,0.04,0.04,0.04
"vote-un",2,40,"inc",2629.05,42.88,79.14,72.68,443.94,103.75,95.38,825.9,879.95,3.49,79.51,0.77,0.09,0.09,0.1,0.11,0.1,0.1,0.1,0.1,0.1,0.1
"vote-un",2,50,"inc",7200,91.17,133.43,2272.56,1032.68,140.06,168.96,120.94,93.23,148.99,130.43,106.22,213.19,172.26,200.37,2067.16,7200,7200,7200,7200,7200,7200
"vote-un",2,60,"inc",7200,100.68,229.13,7200,7200,7200,7200,7200,7200,7200,7200,7200,7200,7200,7200,7200,7200,7200,7200,7200,7200,7200
"vote-un",2,70,"inc",7200,53.88,304.2,7200,7200,7200,7200,7200,7200,7200,7200,7200,7200,7200,7200,7200,7200,7200,7200,7200,7200,7200
"vote-un",2,80,"inc",7200,95.83,248.87,7200,7200,7200,7200,7200,7200,7200,7200,7200,7200,7200,7200,7200,7200,7200,7200,7200,7200,7200
"anneal-un",2,20,"non-inc",7200,273.32,7200,7200,7200,7200,7200,7200,7200,7200,7200,7200,7200,7200,7200,7200,7200,7200,7200,7200,7200,7200
"anneal-un",2,30,"non-inc",7200,596.53,7200,7200,7200,7200,7200,7200,7200,7200,7200,7200,7200,7200,7200,7200,7200,7200,7200,7200,7200,7200
"anneal-un",2,40,"non-inc",7200,855.94,7200,7200,7200,7200,7200,7200,7200,7200,7200,7200,7200,7200,7200,7200,7200,7200,7200,7200,7200,7200
"anneal-un",2,50,"non-inc",7200,1003.31,7200,7200,7200,7200,7200,7200,7200,7200,7200,7200,7200,7200,7200,7200,7200,7200,7200,7200,7200,7200
"anneal-un",2,60,"non-inc",7200,771.61,7200,7200,7200,7200,7200,7200,7200,7200,7200,7200,7200,7200,7200,7200,7200,7200,7200,7200,7200,7200
"anneal-un",2,70,"non-inc",7200,1227.15,7200,7200,7200,7200,7200,7200,7200,7200,7200,7200,7200,7200,7200,7200,7200,7200,7200,7200,7200,7200
"anneal-un",2,80,"non-inc",7200,1407.15,7200,7200,7200,7200,7200,7200,7200,7200,7200,7200,7200,7200,7200,7200,7200,7200,7200,7200,7200,7200
"audiology-un",2,20,"non-inc",1781.6,14.22,162.37,124.26,111.84,89.93,86.39,78.97,138,46.55,55.63,48.97,80.22,83.54,83.4,93.7,68.41,90.9,105.29,69.98,66.69,82.34
"audiology-un",2,30,"non-inc",2891.2,15.91,217.22,224.31,145.83,140.32,121.85,63.21,173.05,120.14,93.54,108.52,124.15,111.43,221.44,147.03,168.46,139.79,85.67,130.26,195.49,143.58
"audiology-un",2,40,"non-inc",7200,24.21,212.36,283.02,413.08,560.85,684.19,353.53,460.55,351.75,735.69,407.72,211.02,296.88,306.05,403.11,533.7,666.56,7200,7200,7200,7200
"audiology-un",2,50,"non-inc",7200,175.52,425.29,359.89,658.74,1276.2,1598.75,478.73,239.19,535.47,478.3,846.69,7200,7200,7200,7200,7200,7200,7200,7200,7200,7200
"audiology-un",2,60,"non-inc",7200,242.42,819.02,1993.14,1066.98,7200,7200,7200,7200,7200,7200,7200,7200,7200,7200,7200,7200,7200,7200,7200,7200,7200
"audiology-un",2,70,"non-inc",7200,53.12,1420.99,2821.34,1029.86,7200,7200,7200,7200,7200,7200,7200,7200,7200,7200,7200,7200,7200,7200,7200,7200,7200
"audiology-un",2,80,"non-inc",7200,258.86,3237.57,7200,7200,7200,7200,7200,7200,7200,7200,7200,7200,7200,7200,7200,7200,7200,7200,7200,7200,7200
"australian-credit-un",2,20,"non-inc",7200,1226.18,4055.58,7200,7200,7200,7200,7200,7200,7200,7200,7200,7200,7200,7200,7200,7200,7200,7200,7200,7200,7200
"australian-credit-un",2,30,"non-inc",7200,7200,7200,7200,7200,7200,7200,7200,7200,7200,7200,7200,7200,7200,7200,7200,7200,7200,7200,7200,7200,7200
"australian-credit-un",2,40,"non-inc",7200,7200,7200,7200,7200,7200,7200,7200,7200,7200,7200,7200,7200,7200,7200,7200,7200,7200,7200,7200,7200,7200
"australian-credit-un",2,50,"non-inc",7200,7200,7200,7200,7200,7200,7200,7200,7200,7200,7200,7200,7200,7200,7200,7200,7200,7200,7200,7200,7200,7200
"australian-credit-un",2,60,"non-inc",7200,7200,7200,7200,7200,7200,7200,7200,7200,7200,7200,7200,7200,7200,7200,7200,7200,7200,7200,7200,7200,7200
"australian-credit-un",2,70,"non-inc",7200,7200,7200,7200,7200,7200,7200,7200,7200,7200,7200,7200,7200,7200,7200,7200,7200,7200,7200,7200,7200,7200
"australian-credit-un",2,80,"non-inc",7200,7200,7200,7200,7200,7200,7200,7200,7200,7200,7200,7200,7200,7200,7200,7200,7200,7200,7200,7200,7200,7200
"breast-cancer-un",2,20,"non-inc",81.22,0.69,3.39,13.61,2.82,2.58,6.55,1.77,1.8,4.11,3.53,6.68,6.96,2.48,3.8,1.11,4.3,4.44,3.58,6.98,0.02,0.02
"breast-cancer-un",2,30,"non-inc",411.79,1.59,25.64,18.8,32.77,22.92,60.38,73.7,41.71,8.69,15.48,15.07,11.8,10.31,12.34,8.5,8.23,8.92,8,9.38,9.39,8.17
"breast-cancer-un",2,40,"non-inc",132.65,22.15,110.5,7200,7200,7200,7200,7200,7200,7200,7200,7200,7200,7200,7200,7200,7200,7200,7200,7200,7200,7200
"breast-cancer-un",2,50,"non-inc",7200,34.54,292.77,269.88,76.16,205.47,365.5,7200,7200,7200,7200,7200,7200,7200,7200,7200,7200,7200,7200,7200,7200,7200
"breast-cancer-un",2,60,"non-inc",7200,38.38,7200,7200,7200,7200,7200,7200,7200,7200,7200,7200,7200,7200,7200,7200,7200,7200,7200,7200,7200,7200
"breast-cancer-un",2,70,"non-inc",7200,36.11,7200,7200,7200,7200,7200,7200,7200,7200,7200,7200,7200,7200,7200,7200,7200,7200,7200,7200,7200,7200
"breast-cancer-un",2,80,"non-inc",4909.91,63.31,4846.6,7200,7200,7200,7200,7200,7200,7200,7200,7200,7200,7200,7200,7200,7200,7200,7200,7200,7200,7200
"car-un",2,20,"non-inc",7200,7200,7200,7200,7200,7200,7200,7200,7200,7200,7200,7200,7200,7200,7200,7200,7200,7200,7200,7200,7200,7200
"car-un",2,30,"non-inc",7200,7200,7200,7200,7200,7200,7200,7200,7200,7200,7200,7200,7200,7200,7200,7200,7200,7200,7200,7200,7200,7200
"car-un",2,40,"non-inc",7200,7200,7200,7200,7200,7200,7200,7200,7200,7200,7200,7200,7200,7200,7200,7200,7200,7200,7200,7200,7200,7200
"car-un",2,50,"non-inc",7200,7200,7200,7200,7200,7200,7200,7200,7200,7200,7200,7200,7200,7200,7200,7200,7200,7200,7200,7200,7200,7200
"car-un",2,60,"non-inc",7200,7200,7200,7200,7200,7200,7200,7200,7200,7200,7200,7200,7200,7200,7200,7200,7200,7200,7200,7200,7200,7200
"car-un",2,70,"non-inc",7200,40.44,7200,7200,7200,7200,7200,7200,7200,7200,7200,7200,7200,7200,7200,7200,7200,7200,7200,7200,7200,7200
"car-un",2,80,"non-inc",7200,7200,7200,7200,7200,7200,7200,7200,7200,7200,7200,7200,7200,7200,7200,7200,7200,7200,7200,7200,7200,7200
"heart-cleveland-un",2,20,"non-inc",7200,45.35,201.51,503.21,1179.98,7200,7200,7200,7200,7200,7200,7200,7200,7200,7200,7200,7200,7200,7200,7200,7200,7200
"heart-cleveland-un",2,30,"non-inc",7200,206.49,1044.17,5653.9,7200,7200,7200,7200,7200,7200,7200,7200,7200,7200,7200,7200,7200,7200,7200,7200,7200,7200
"heart-cleveland-un",2,40,"non-inc",7200,615.93,4555.35,7200,7200,7200,7200,7200,7200,7200,7200,7200,7200,7200,7200,7200,7200,7200,7200,7200,7200,7200
"heart-cleveland-un",2,50,"non-inc",7200,7200,7200,7200,7200,7200,7200,7200,7200,7200,7200,7200,7200,7200,7200,7200,7200,7200,7200,7200,7200,7200
"heart-cleveland-un",2,60,"non-inc",7200,7200,7200,7200,7200,7200,7200,7200,7200,7200,7200,7200,7200,7200,7200,7200,7200,7200,7200,7200,7200,7200
"heart-cleveland-un",2,70,"non-inc",7200,7200,7200,7200,7200,7200,7200,7200,7200,7200,7200,7200,7200,7200,7200,7200,7200,7200,7200,7200,7200,7200
"heart-cleveland-un",2,80,"non-inc",7200,7200,7200,7200,7200,7200,7200,7200,7200,7200,7200,7200,7200,7200,7200,7200,7200,7200,7200,7200,7200,7200
"hypothyroid-un",2,20,"non-inc",7200,119.01,7200,7200,7200,7200,7200,7200,7200,7200,7200,7200,7200,7200,7200,7200,7200,7200,7200,7200,7200,7200
"hypothyroid-un",2,30,"non-inc",4002.4,301.03,1019.04,2682.33,7200,7200,7200,7200,7200,7200,7200,7200,7200,7200,7200,7200,7200,7200,7200,7200,7200,7200
"hypothyroid-un",2,40,"non-inc",7200,317.96,7200,7200,7200,7200,7200,7200,7200,7200,7200,7200,7200,7200,7200,7200,7200,7200,7200,7200,7200,7200
"hypothyroid-un",2,50,"non-inc",7200,580,7200,7200,7200,7200,7200,7200,7200,7200,7200,7200,7200,7200,7200,7200,7200,7200,7200,7200,7200,7200
"hypothyroid-un",2,60,"non-inc",7200,591.79,4549.32,7200,7200,7200,7200,7200,7200,7200,7200,7200,7200,7200,7200,7200,7200,7200,7200,7200,7200,7200
"hypothyroid-un",2,70,"non-inc",7200,446.82,7200,7200,7200,7200,7200,7200,7200,7200,7200,7200,7200,7200,7200,7200,7200,7200,7200,7200,7200,7200
"hypothyroid-un",2,80,"non-inc",7200,383.22,7200,7200,7200,7200,7200,7200,7200,7200,7200,7200,7200,7200,7200,7200,7200,7200,7200,7200,7200,7200
"kr-vs-kp-un",2,20,"non-inc",7200,7200,7200,7200,7200,7200,7200,7200,7200,7200,7200,7200,7200,7200,7200,7200,7200,7200,7200,7200,7200,7200
"kr-vs-kp-un",2,30,"non-inc",7200,7200,7200,7200,7200,7200,7200,7200,7200,7200,7200,7200,7200,7200,7200,7200,7200,7200,7200,7200,7200,7200
"kr-vs-kp-un",2,40,"non-inc",7200,7200,7200,7200,7200,7200,7200,7200,7200,7200,7200,7200,7200,7200,7200,7200,7200,7200,7200,7200,7200,7200
"kr-vs-kp-un",2,50,"non-inc",7200,7200,7200,7200,7200,7200,7200,7200,7200,7200,7200,7200,7200,7200,7200,7200,7200,7200,7200,7200,7200,7200
"kr-vs-kp-un",2,60,"non-inc",7200,7200,7200,7200,7200,7200,7200,7200,7200,7200,7200,7200,7200,7200,7200,7200,7200,7200,7200,7200,7200,7200
"kr-vs-kp-un",2,70,"non-inc",7200,7200,7200,7200,7200,7200,7200,7200,7200,7200,7200,7200,7200,7200,7200,7200,7200,7200,7200,7200,7200,7200
"kr-vs-kp-un",2,80,"non-inc",7200,7200,7200,7200,7200,7200,7200,7200,7200,7200,7200,7200,7200,7200,7200,7200,7200,7200,7200,7200,7200,7200
"lymph-un",2,20,"non-inc",107.85,4.58,3.39,8.41,5.93,4.12,6.02,4.73,4.74,5.34,3.84,3.77,5.45,3.7,4.95,5.09,5.3,4.39,6.97,6.06,5.32,5.75
"lymph-un",2,30,"non-inc",831.67,29.58,58.75,17.36,61.87,58.58,28.33,38.32,72.19,33.24,53.75,34.13,35.53,39.96,35.77,34.61,33.48,60.36,28.72,31.64,19.58,25.92
"lymph-un",2,40,"non-inc",2665.36,76.19,58.97,143.71,244.19,163.77,46.39,176.79,174.38,110.13,136.79,113.74,100.98,108.68,136.48,113.69,165.96,165.54,94.76,126.53,144.36,63.33
"lymph-un",2,50,"non-inc",5844.64,173.2,152.82,206.98,578.31,334.87,663.77,427.13,427.39,70.07,379.23,296.12,388.08,231.16,523.04,104.24,82.99,123.61,170.44,153.14,173.82,184.23
"lymph-un",2,60,"non-inc",7200,152.17,299,818.47,614.41,255.05,369.35,347.93,1231.5,801.15,461.25,425.35,822.18,587.01,7200,7200,7200,7200,7200,7200,7200,7200
"lymph-un",2,70,"non-inc",7200,220.15,285.02,2073.59,1766.73,1717.6,7200,7200,7200,7200,7200,7200,7200,7200,7200,7200,7200,7200,7200,7200,7200,7200
"lymph-un",2,80,"non-inc",1604.91,315.87,1289.04,7200,7200,7200,7200,7200,7200,7200,7200,7200,7200,7200,7200,7200,7200,7200,7200,7200,7200,7200
"mushroom-un",2,20,"non-inc",7200,7200,7200,7200,7200,7200,7200,7200,7200,7200,7200,7200,7200,7200,7200,7200,7200,7200,7200,7200,7200,7200
"mushroom-un",2,30,"non-inc",7200,7200,7200,7200,7200,7200,7200,7200,7200,7200,7200,7200,7200,7200,7200,7200,7200,7200,7200,7200,7200,7200
"mushroom-un",2,40,"non-inc",7200,7200,7200,7200,7200,7200,7200,7200,7200,7200,7200,7200,7200,7200,7200,7200,7200,7200,7200,7200,7200,7200
"mushroom-un",2,50,"non-inc",7200,7200,7200,7200,7200,7200,7200,7200,7200,7200,7200,7200,7200,7200,7200,7200,7200,7200,7200,7200,7200,7200
"mushroom-un",2,60,"non-inc",7200,7200,7200,7200,7200,7200,7200,7200,7200,7200,7200,7200,7200,7200,7200,7200,7200,7200,7200,7200,7200,7200
"mushroom-un",2,70,"non-inc",7200,7200,7200,7200,7200,7200,7200,7200,7200,7200,7200,7200,7200,7200,7200,7200,7200,7200,7200,7200,7200,7200
"mushroom-un",2,80,"non-inc",7200,7200,7200,7200,7200,7200,7200,7200,7200,7200,7200,7200,7200,7200,7200,7200,7200,7200,7200,7200,7200,7200
"primary-tumor-un",2,20,"non-inc",279.77,4.39,6.77,5.96,9.66,14.71,16.44,14.35,14.23,14.19,14.44,14.73,14.76,14.29,15.91,15.59,13.81,13.87,15.53,13.64,17.21,15.29
"primary-tumor-un",2,30,"non-inc",262.55,8.77,14.14,32.37,33.31,30.67,26.19,17.96,12.87,11.04,8.39,10.43,8.53,8.38,7.74,7.45,7.66,8.17,7.69,0.26,0.27,0.26
"primary-tumor-un",2,40,"non-inc",1950.28,20.86,46.15,324.64,316.31,377.16,226.22,186.01,154.71,58.39,44.87,32.01,23.14,17.03,18,18.85,15.78,17,14.03,13.48,12.69,12.95
"primary-tumor-un",2,50,"non-inc",7200,66.81,7200,7200,7200,7200,7200,7200,7200,7200,7200,7200,7200,7200,7200,7200,7200,7200,7200,7200,7200,7200
"primary-tumor-un",2,60,"non-inc",7200,115.12,7200,7200,7200,7200,7200,7200,7200,7200,7200,7200,7200,7200,7200,7200,7200,7200,7200,7200,7200,7200
"primary-tumor-un",2,70,"non-inc",7200,275.07,7200,7200,7200,7200,7200,7200,7200,7200,7200,7200,7200,7200,7200,7200,7200,7200,7200,7200,7200,7200
"primary-tumor-un",2,80,"non-inc",7200,1153.74,7200,7200,7200,7200,7200,7200,7200,7200,7200,7200,7200,7200,7200,7200,7200,7200,7200,7200,7200,7200
"soybean-un",2,20,"non-inc",2835.58,8.22,49.83,40.93,33.54,126.11,213.21,157.45,158.07,156.5,156.45,141.74,169.99,153.52,174.94,170.25,135.45,156.66,158.17,175.25,163.4,135.9
"soybean-un",2,30,"non-inc",7200,41.2,7200,7200,7200,7200,7200,7200,7200,7200,7200,7200,7200,7200,7200,7200,7200,7200,7200,7200,7200,7200
"soybean-un",2,40,"non-inc",7200,62.21,7200,7200,7200,7200,7200,7200,7200,7200,7200,7200,7200,7200,7200,7200,7200,7200,7200,7200,7200,7200
"soybean-un",2,50,"non-inc",7200,101.72,7200,7200,7200,7200,7200,7200,7200,7200,7200,7200,7200,7200,7200,7200,7200,7200,7200,7200,7200,7200
"soybean-un",2,60,"non-inc",7200,99.27,7200,7200,7200,7200,7200,7200,7200,7200,7200,7200,7200,7200,7200,7200,7200,7200,7200,7200,7200,7200
"soybean-un",2,70,"non-inc",7200,168.98,7200,7200,7200,7200,7200,7200,7200,7200,7200,7200,7200,7200,7200,7200,7200,7200,7200,7200,7200,7200
"soybean-un",2,80,"non-inc",7200,215.63,7200,7200,7200,7200,7200,7200,7200,7200,7200,7200,7200,7200,7200,7200,7200,7200,7200,7200,7200,7200
"splice-1-un",2,20,"non-inc",7200,7200,7200,7200,7200,7200,7200,7200,7200,7200,7200,7200,7200,7200,7200,7200,7200,7200,7200,7200,7200,7200
"splice-1-un",2,30,"non-inc",7200,7200,7200,7200,7200,7200,7200,7200,7200,7200,7200,7200,7200,7200,7200,7200,7200,7200,7200,7200,7200,7200
"splice-1-un",2,40,"non-inc",7200,7200,7200,7200,7200,7200,7200,7200,7200,7200,7200,7200,7200,7200,7200,7200,7200,7200,7200,7200,7200,7200
"splice-1-un",2,50,"non-inc",7200,7200,7200,7200,7200,7200,7200,7200,7200,7200,7200,7200,7200,7200,7200,7200,7200,7200,7200,7200,7200,7200
"splice-1-un",2,60,"non-inc",7200,7200,7200,7200,7200,7200,7200,7200,7200,7200,7200,7200,7200,7200,7200,7200,7200,7200,7200,7200,7200,7200
"splice-1-un",2,70,"non-inc",7200,7200,7200,7200,7200,7200,7200,7200,7200,7200,7200,7200,7200,7200,7200,7200,7200,7200,7200,7200,7200,7200
"splice-1-un",2,80,"non-inc",7200,7200,7200,7200,7200,7200,7200,7200,7200,7200,7200,7200,7200,7200,7200,7200,7200,7200,7200,7200,7200,7200
"tic-tac-toe-un",2,20,"non-inc",7200,200,7200,7200,7200,7200,7200,7200,7200,7200,7200,7200,7200,7200,7200,7200,7200,7200,7200,7200,7200,7200
"tic-tac-toe-un",2,30,"non-inc",7200,120.53,7200,7200,7200,7200,7200,7200,7200,7200,7200,7200,7200,7200,7200,7200,7200,7200,7200,7200,7200,7200
"tic-tac-toe-un",2,40,"non-inc",7200,259.73,7200,7200,7200,7200,7200,7200,7200,7200,7200,7200,7200,7200,7200,7200,7200,7200,7200,7200,7200,7200
"tic-tac-toe-un",2,50,"non-inc",7200,266.52,7200,7200,7200,7200,7200,7200,7200,7200,7200,7200,7200,7200,7200,7200,7200,7200,7200,7200,7200,7200
"tic-tac-toe-un",2,60,"non-inc",7200,419.57,7200,7200,7200,7200,7200,7200,7200,7200,7200,7200,7200,7200,7200,7200,7200,7200,7200,7200,7200,7200
"tic-tac-toe-un",2,70,"non-inc",7200,352.2,7200,7200,7200,7200,7200,7200,7200,7200,7200,7200,7200,7200,7200,7200,7200,7200,7200,7200,7200,7200
"tic-tac-toe-un",2,80,"non-inc",7200,1120.92,7200,7200,7200,7200,7200,7200,7200,7200,7200,7200,7200,7200,7200,7200,7200,7200,7200,7200,7200,7200
"vote-un",2,20,"non-inc",622.88,11.09,12.74,33.87,37.84,42,27.72,29.93,54.67,30.86,20.38,22.95,25.4,28.16,65.63,13.41,29,25.49,30.23,35.04,21.75,24.72
"vote-un",2,30,"non-inc",1027.4,12.81,47.15,115.03,107.31,113.39,101.88,95.03,49.85,34.79,33.26,31.46,30.83,38.3,30.47,30.67,33.37,26.52,24.65,22.19,22.54,25.9
"vote-un",2,40,"non-inc",7200,39.92,123.49,181.3,619.92,510.67,305.79,3942.39,7200,7200,7200,7200,7200,7200,7200,7200,7200,7200,7200,7200,7200,7200
"vote-un",2,50,"non-inc",7200,86.62,144.03,2044.52,1553.26,802.75,1240.16,956.73,7200,7200,7200,7200,7200,7200,7200,7200,7200,7200,7200,7200,7200,7200
"vote-un",2,60,"non-inc",7200,95.59,204.72,7200,7200,7200,7200,7200,7200,7200,7200,7200,7200,7200,7200,7200,7200,7200,7200,7200,7200,7200
"vote-un",2,70,"non-inc",7200,84.46,324.98,7200,7200,7200,7200,7200,7200,7200,7200,7200,7200,7200,7200,7200,7200,7200,7200,7200,7200,7200
"vote-un",2,80,"non-inc",7200,69.47,288.06,7200,7200,7200,7200,7200,7200,7200,7200,7200,7200,7200,7200,7200,7200,7200,7200,7200,7200,7200
