"instance","clauses","ratio","solver","total_time","iter_0","iter_1","iter_2","iter_3","iter_4","iter_5","iter_6","iter_7","iter_8","iter_9","iter_10","iter_11","iter_12","iter_13","iter_14","iter_15","iter_16","iter_17","iter_18","iter_19"
"TomsHardware_bintarget",2,10,"inc",7200,7200,7200,7200,7200,7200,7200,7200,7200,7200,7200,7200,7200,7200,7200,7200,7200,7200,7200,7200,7200
"TomsHardware_bintarget",2,20,"inc",7200,7200,7200,7200,7200,7200,7200,7200,7200,7200,7200,7200,7200,7200,7200,7200,7200,7200,7200,7200,7200
"TomsHardware_bintarget",2,30,"inc",7200,7200,7200,7200,7200,7200,7200,7200,7200,7200,7200,7200,7200,7200,7200,7200,7200,7200,7200,7200,7200
"TomsHardware_bintarget",2,40,"inc",7200,7200,7200,7200,7200,7200,7200,7200,7200,7200,7200,7200,7200,7200,7200,7200,7200,7200,7200,7200,7200
"TomsHardware_bintarget",2,50,"inc",7200,7200,7200,7200,7200,7200,7200,7200,7200,7200,7200,7200,7200,7200,7200,7200,7200,7200,7200,7200,7200
"TomsHardware_bintarget",2,60,"inc",7200,7200,7200,7200,7200,7200,7200,7200,7200,7200,7200,7200,7200,7200,7200,7200,7200,7200,7200,7200,7200
"TomsHardware_bintarget",2,70,"inc",7200,7200,7200,7200,7200,7200,7200,7200,7200,7200,7200,7200,7200,7200,7200,7200,7200,7200,7200,7200,7200
"TomsHardware_bintarget",2,80,"inc",7200,7200,7200,7200,7200,7200,7200,7200,7200,7200,7200,7200,7200,7200,7200,7200,7200,7200,7200,7200,7200
"TomsHardware_bintarget",2,90,"inc",7200,7200,7200,7200,7200,7200,7200,7200,7200,7200,7200,7200,7200,7200,7200,7200,7200,7200,7200,7200,7200
"TomsHardware_bintarget",3,10,"inc",7200,7200,7200,7200,7200,7200,7200,7200,7200,7200,7200,7200,7200,7200,7200,7200,7200,7200,7200,7200,7200
"TomsHardware_bintarget",3,20,"inc",7200,7200,7200,7200,7200,7200,7200,7200,7200,7200,7200,7200,7200,7200,7200,7200,7200,7200,7200,7200,7200
"TomsHardware_bintarget",3,30,"inc",7200,7200,7200,7200,7200,7200,7200,7200,7200,7200,7200,7200,7200,7200,7200,7200,7200,7200,7200,7200,7200
"TomsHardware_bintarget",3,40,"inc",7200,7200,7200,7200,7200,7200,7200,7200,7200,7200,7200,7200,7200,7200,7200,7200,7200,7200,7200,7200,7200
"TomsHardware_bintarget",3,50,"inc",7200,7200,7200,7200,7200,7200,7200,7200,7200,7200,7200,7200,7200,7200,7200,7200,7200,7200,7200,7200,7200
"TomsHardware_bintarget",3,60,"inc",7200,7200,7200,7200,7200,7200,7200,7200,7200,7200,7200,7200,7200,7200,7200,7200,7200,7200,7200,7200,7200
"TomsHardware_bintarget",3,70,"inc",7200,7200,7200,7200,7200,7200,7200,7200,7200,7200,7200,7200,7200,7200,7200,7200,7200,7200,7200,7200,7200
"TomsHardware_bintarget",3,80,"inc",7200,7200,7200,7200,7200,7200,7200,7200,7200,7200,7200,7200,7200,7200,7200,7200,7200,7200,7200,7200,7200
"TomsHardware_bintarget",3,90,"inc",7200,7200,7200,7200,7200,7200,7200,7200,7200,7200,7200,7200,7200,7200,7200,7200,7200,7200,7200,7200,7200
"Twitter_bintarget_small",2,10,"inc",7200,7200,7200,7200,7200,7200,7200,7200,7200,7200,7200,7200,7200,7200,7200,7200,7200,7200,7200,7200,7200
"Twitter_bintarget_small",2,20,"inc",7200,7200,7200,7200,7200,7200,7200,7200,7200,7200,7200,7200,7200,7200,7200,7200,7200,7200,7200,7200,7200
"Twitter_bintarget_small",2,30,"inc",7200,7200,7200,7200,7200,7200,7200,7200,7200,7200,7200,7200,7200,7200,7200,7200,7200,7200,7200,7200,7200
"Twitter_bintarget_small",2,40,"inc",7200,7200,7200,7200,7200,7200,7200,7200,7200,7200,7200,7200,7200,7200,7200,7200,7200,7200,7200,7200,7200
"Twitter_bintarget_small",2,50,"inc",7200,7200,7200,7200,7200,7200,7200,7200,7200,7200,7200,7200,7200,7200,7200,7200,7200,7200,7200,7200,7200
"Twitter_bintarget_small",2,60,"inc",7200,7200,7200,7200,7200,7200,7200,7200,7200,7200,7200,7200,7200,7200,7200,7200,7200,7200,7200,7200,7200
"Twitter_bintarget_small",2,70,"inc",7200,7200,7200,7200,7200,7200,7200,7200,7200,7200,7200,7200,7200,7200,7200,7200,7200,7200,7200,7200,7200
"Twitter_bintarget_small",2,80,"inc",7200,7200,7200,7200,7200,7200,7200,7200,7200,7200,7200,7200,7200,7200,7200,7200,7200,7200,7200,7200,7200
"Twitter_bintarget_small",2,90,"inc",7200,7200,7200,7200,7200,7200,7200,7200,7200,7200,7200,7200,7200,7200,7200,7200,7200,7200,7200,7200,7200
"Twitter_bintarget_small",3,10,"inc",7200,7200,7200,7200,7200,7200,7200,7200,7200,7200,7200,7200,7200,7200,7200,7200,7200,7200,7200,7200,7200
"Twitter_bintarget_small",3,20,"inc",7200,7200,7200,7200,7200,7200,7200,7200,7200,7200,7200,7200,7200,7200,7200,7200,7200,7200,7200,7200,7200
"Twitter_bintarget_small",3,30,"inc",7200,7200,7200,7200,7200,7200,7200,7200,7200,7200,7200,7200,7200,7200,7200,7200,7200,7200,7200,7200,7200
"Twitter_bintarget_small",3,40,"inc",7200,7200,7200,7200,7200,7200,7200,7200,7200,7200,7200,7200,7200,7200,7200,7200,7200,7200,7200,7200,7200
"Twitter_bintarget_small",3,50,"inc",7200,7200,7200,7200,7200,7200,7200,7200,7200,7200,7200,7200,7200,7200,7200,7200,7200,7200,7200,7200,7200
"Twitter_bintarget_small",3,60,"inc",7200,7200,7200,7200,7200,7200,7200,7200,7200,7200,7200,7200,7200,7200,7200,7200,7200,7200,7200,7200,7200
"Twitter_bintarget_small",3,70,"inc",7200,7200,7200,7200,7200,7200,7200,7200,7200,7200,7200,7200,7200,7200,7200,7200,7200,7200,7200,7200,7200
"Twitter_bintarget_small",3,80,"inc",7200,7200,7200,7200,7200,7200,7200,7200,7200,7200,7200,7200,7200,7200,7200,7200,7200,7200,7200,7200,7200
"Twitter_bintarget_small",3,90,"inc",7200,7200,7200,7200,7200,7200,7200,7200,7200,7200,7200,7200,7200,7200,7200,7200,7200,7200,7200,7200,7200
"adult_data_bintarget",2,10,"inc",13.09,1.25,0.47,0.47,0.48,0.47,0.47,0.47,0.46,0.47,0.47,0.47,0.47,0.47,0.47,0.47,0.47,0.47,0.48,0.47,0.48
"adult_data_bintarget",2,20,"inc",28.51,2.16,1.04,1.06,1.07,1.13,1.08,1.44,1.29,1.13,1.06,1.12,1.06,1.12,1.06,1.11,1.05,1.12,1.05,1.12,1.06
"adult_data_bintarget",2,30,"inc",44.95,3.4,1.64,1.75,1.68,2.03,1.67,1.97,1.64,1.86,1.69,1.86,1.66,1.87,1.78,1.95,1.7,1.88,1.69,1.86,1.71
"adult_data_bintarget",2,40,"inc",63.27,5.54,2.55,2.77,2.4,2.59,2.46,2.67,2.44,2.65,2.42,2.59,2.46,2.59,2.45,2.6,2.41,2.57,2.4,2.59,2.45
"adult_data_bintarget",2,50,"inc",85.61,6.03,3.38,3.77,4.01,3.67,3.39,3.4,3.47,3.51,3.12,3.7,3.19,3.53,3.18,3.45,3.14,3.6,4.08,3.61,3.3
"adult_data_bintarget",2,60,"inc",317.54,19.02,12.28,16.27,10.88,15.97,16,14.4,17.46,14.51,15.27,15.09,15.73,15.15,14.85,15.14,16.31,14.6,14.17,14.23,14.43
"adult_data_bintarget",2,70,"inc",377.13,21.76,14.08,18.6,13.37,18.64,18.52,17.73,19.43,18.35,18.46,18.75,18.26,17.73,18.12,17.73,18.21,17.61,17.77,18.01,18.77
"adult_data_bintarget",2,80,"inc",439.98,26.88,16.02,21.6,14.99,21.74,21.17,20.66,21.21,20.69,22.34,20.62,21.82,21.08,21.58,20.87,21.69,20.64,21.56,20.65,21.37
"adult_data_bintarget",2,90,"inc",491.55,29.87,17.38,24.66,18.61,25.36,23.92,23.65,24.31,23.27,24.02,22.34,27.21,22.69,23.29,22.62,24.4,22.58,22.57,22.72,23.95
"adult_data_bintarget",3,10,"inc",21.32,1.79,0.85,0.73,0.74,0.74,0.97,0.94,0.88,0.73,0.84,0.83,0.92,0.93,0.75,0.75,0.76,0.75,0.76,0.75,0.77
"adult_data_bintarget",3,20,"inc",46.13,4.04,1.57,1.62,1.71,1.89,1.64,1.75,1.58,1.86,1.58,1.82,1.68,1.88,1.56,2.18,1.62,1.88,1.66,2.29,2.1
"adult_data_bintarget",3,30,"inc",69.51,6.52,2.47,2.61,2.41,2.83,2.64,2.94,2.69,2.89,2.61,2.88,2.77,3.36,2.53,2.86,2.43,2.73,2.43,2.74,2.43
"adult_data_bintarget",3,40,"inc",114.66,9.87,4.45,4.87,4.47,5.21,4.45,5.06,4.91,5.04,4.45,5.14,4.49,5.03,4.53,5.02,4.46,5.03,4.53,5.07,4.5
"adult_data_bintarget",3,50,"inc",154.58,12.49,6.19,6.93,6.16,6.86,7.12,6.77,6.84,6.75,6.15,6.79,6.16,6.82,6.26,6.77,6.14,6.77,6.15,6.75,6.18
"adult_data_bintarget",3,60,"inc",507.32,36.02,16.66,25.84,18.99,25.83,24.09,24.89,24.03,23.64,24.26,23.81,23.99,23.59,24.34,23.64,24.64,23.57,26.68,23.77,23.78
"adult_data_bintarget",3,70,"inc",654.98,42.89,21.59,30.69,20.67,30.91,29.93,28.6,30.34,28.78,29.54,28.39,28.62,28.36,28.83,67.39,31.32,28.2,28.85,28.09,29.81
"adult_data_bintarget",3,80,"inc",709.39,49.3,23.2,33,22.25,33.81,33.15,32.56,33.95,32.42,32.61,33.03,33.48,32.33,31.8,32.57,33.38,32.27,61.28,32.14,33
"adult_data_bintarget",3,90,"inc",797.14,54.1,27.36,39.43,26.22,40.34,38.62,38.47,38.12,38.12,39.26,37.65,40.17,37.84,37.43,38.13,38.31,38.2,43.2,38.53,37.54
"credit_card_clients",2,10,"inc",7200,7200,7200,7200,7200,7200,7200,7200,7200,7200,7200,7200,7200,7200,7200,7200,7200,7200,7200,7200,7200
"credit_card_clients",2,20,"inc",7200,7200,7200,7200,7200,7200,7200,7200,7200,7200,7200,7200,7200,7200,7200,7200,7200,7200,7200,7200,7200
"credit_card_clients",2,30,"inc",7200,7200,7200,7200,7200,7200,7200,7200,7200,7200,7200,7200,7200,7200,7200,7200,7200,7200,7200,7200,7200
"credit_card_clients",2,40,"inc",7200,7200,7200,7200,7200,7200,7200,7200,7200,7200,7200,7200,7200,7200,7200,7200,7200,7200,7200,7200,7200
"credit_card_clients",2,50,"inc",7200,7200,7200,7200,7200,7200,7200,7200,7200,7200,7200,7200,7200,7200,7200,7200,7200,7200,7200,7200,7200
"credit_card_clients",2,60,"inc",7200,7200,7200,7200,7200,7200,7200,7200,7200,7200,7200,7200,7200,7200,7200,7200,7200,7200,7200,7200,7200
"credit_card_clients",2,70,"inc",7200,7200,7200,7200,7200,7200,7200,7200,7200,7200,7200,7200,7200,7200,7200,7200,7200,7200,7200,7200,7200
"credit_card_clients",2,80,"inc",7200,7200,7200,7200,7200,7200,7200,7200,7200,7200,7200,7200,7200,7200,7200,7200,7200,7200,7200,7200,7200
"credit_card_clients",2,90,"inc",7200,7200,7200,7200,7200,7200,7200,7200,7200,7200,7200,7200,7200,7200,7200,7200,7200,7200,7200,7200,7200
"credit_card_clients",3,10,"inc",7200,7200,7200,7200,7200,7200,7200,7200,7200,7200,7200,7200,7200,7200,7200,7200,7200,7200,7200,7200,7200
"credit_card_clients",3,20,"inc",7200,7200,7200,7200,7200,7200,7200,7200,7200,7200,7200,7200,7200,7200,7200,7200,7200,7200,7200,7200,7200
"credit_card_clients",3,30,"inc",7200,7200,7200,7200,7200,7200,7200,7200,7200,7200,7200,7200,7200,7200,7200,7200,7200,7200,7200,7200,7200
"credit_card_clients",3,40,"inc",7200,7200,7200,7200,7200,7200,7200,7200,7200,7200,7200,7200,7200,7200,7200,7200,7200,7200,7200,7200,7200
"credit_card_clients",3,50,"inc",7200,7200,7200,7200,7200,7200,7200,7200,7200,7200,7200,7200,7200,7200,7200,7200,7200,7200,7200,7200,7200
"credit_card_clients",3,60,"inc",7200,7200,7200,7200,7200,7200,7200,7200,7200,7200,7200,7200,7200,7200,7200,7200,7200,7200,7200,7200,7200
"credit_card_clients",3,70,"inc",7200,7200,7200,7200,7200,7200,7200,7200,7200,7200,7200,7200,7200,7200,7200,7200,7200,7200,7200,7200,7200
"credit_card_clients",3,80,"inc",7200,7200,7200,7200,7200,7200,7200,7200,7200,7200,7200,7200,7200,7200,7200,7200,7200,7200,7200,7200,7200
"credit_card_clients",3,90,"inc",7200,7200,7200,7200,7200,7200,7200,7200,7200,7200,7200,7200,7200,7200,7200,7200,7200,7200,7200,7200,7200
"ionosphere",2,10,"inc",6.46,2.48,0.02,0.89,0.03,0.43,1.39,0.03,0.46,0.07,0.02,0.04,0.03,0.04,0.02,0.04,0.03,0.04,0.02,0.04,0.03
"ionosphere",2,20,"inc",40.99,11.85,3.97,0.53,2.82,1.28,1.29,0.18,9.64,0.75,0.75,0.2,4.29,0.35,0.2,0.14,0.99,0.14,0.2,0.14,0.61
"ionosphere",2,30,"inc",180.07,16.45,2.44,15.67,7.63,30.6,18.23,19.95,21.67,7.11,3.23,2.87,2.11,2.8,2.96,2.6,11.24,3.66,2.52,2.63,2.57
"ionosphere",2,40,"inc",7200,341.98,251.17,5604.27,212.17,7200,7200,7200,7200,7200,7200,7200,7200,7200,7200,7200,7200,7200,7200,7200,7200
"ionosphere",2,50,"inc",7200,7200,7200,7200,7200,7200,7200,7200,7200,7200,7200,7200,7200,7200,7200,7200,7200,7200,7200,7200,7200
"ionosphere",2,60,"inc",7200,7200,7200,7200,7200,7200,7200,7200,7200,7200,7200,7200,7200,7200,7200,7200,7200,7200,7200,7200,7200
"ionosphere",2,70,"inc",7200,7200,7200,7200,7200,7200,7200,7200,7200,7200,7200,7200,7200,7200,7200,7200,7200,7200,7200,7200,7200
"ionosphere",2,80,"inc",7200,7200,7200,7200,7200,7200,7200,7200,7200,7200,7200,7200,7200,7200,7200,7200,7200,7200,7200,7200,7200
"ionosphere",2,90,"inc",7200,7200,7200,7200,7200,7200,7200,7200,7200,7200,7200,7200,7200,7200,7200,7200,7200,7200,7200,7200,7200
"ionosphere",3,10,"inc",5.46,2.91,0.2,0.02,0.02,0.76,0.69,0.03,0.02,0.03,0.03,0.03,0.02,0.03,0.03,0.03,0.03,0.03,0.03,0.03,0.03
"ionosphere",3,20,"inc",17.6,10.52,4.29,0.14,0.07,0.14,0.08,0.15,0.08,0.12,0.08,0.12,0.07,0.11,0.08,0.11,0.08,0.11,0.08,0.11,0.07
"ionosphere",3,30,"inc",982.1,26.48,7.21,75,1.86,95.73,12.68,84.21,20.36,58.29,18.43,86.98,5.62,77.06,109.59,70.75,1.5,103,15.75,108.7,1.26
"ionosphere",3,40,"inc",7200,400.73,569.09,7200,7200,7200,7200,7200,7200,7200,7200,7200,7200,7200,7200,7200,7200,7200,7200,7200,7200
"ionosphere",3,50,"inc",7200,7200,7200,7200,7200,7200,7200,7200,7200,7200,7200,7200,7200,7200,7200,7200,7200,7200,7200,7200,7200
"ionosphere",3,60,"inc",7200,7200,7200,7200,7200,7200,7200,7200,7200,7200,7200,7200,7200,7200,7200,7200,7200,7200,7200,7200,7200
"ionosphere",3,70,"inc",7200,7200,7200,7200,7200,7200,7200,7200,7200,7200,7200,7200,7200,7200,7200,7200,7200,7200,7200,7200,7200
"ionosphere",3,80,"inc",7200,7200,7200,7200,7200,7200,7200,7200,7200,7200,7200,7200,7200,7200,7200,7200,7200,7200,7200,7200,7200
"ionosphere",3,90,"inc",7200,7200,7200,7200,7200,7200,7200,7200,7200,7200,7200,7200,7200,7200,7200,7200,7200,7200,7200,7200,7200
"iris_bintarget",2,10,"inc",0.24,0.02,0.01,0.01,0.01,0.01,0.01,0.01,0.01,0.01,0.01,0.01,0.01,0.01,0.01,0.01,0.01,0.01,0.01,0.01,0.01
"iris_bintarget",2,20,"inc",7.75,0.22,0.23,0.38,0.32,0.46,0.45,0.48,0.34,0.44,0.31,0.44,0.22,0.39,0.38,0.43,0.35,0.53,0.52,0.43,0.4
"iris_bintarget",2,30,"inc",2.86,0.04,0.11,0.03,0.21,0.22,0.17,0.08,0.19,0.08,0.22,0.08,0.22,0.09,0.21,0.08,0.17,0.08,0.22,0.09,0.19
"iris_bintarget",2,40,"inc",11.3,0.18,0.12,0.57,0.33,0.79,0.56,0.78,0.44,0.94,0.86,0.95,0.47,0.53,0.61,0.69,0.43,0.56,0.78,0.19,0.45
"iris_bintarget",2,50,"inc",1.17,0.09,0.04,0.04,0.19,0.04,0.04,0.04,0.05,0.04,0.04,0.04,0.05,0.04,0.04,0.04,0.05,0.04,0.04,0.04,0.05
"iris_bintarget",2,60,"inc",10.43,0.18,0.05,0.05,0.1,0.1,0.09,0.14,0.1,1.18,0.28,0.64,0.22,1.17,0.49,1.32,0.33,1.44,0.48,1.5,0.44
"iris_bintarget",2,70,"inc",47.12,0.32,0.37,0.16,0.54,1.3,0.63,2.32,0.65,3.58,1.58,3.71,0.84,3.11,2.98,3.31,1.85,8.16,3.47,4.78,3.31
"iris_bintarget",2,80,"inc",64.23,0.61,0.38,0.19,0.87,2.22,0.85,3.49,0.87,5.92,2.04,4.46,2.53,5.87,3.05,5.42,1.72,7.27,4.1,7.41,4.75
"iris_bintarget",2,90,"inc",1.22,0.34,0.01,0.01,0.36,0.02,0.02,0.02,0.01,0.02,0.02,0.02,0.02,0.02,0.02,0.02,0.02,0.02,0.02,0.02,0.02
"iris_bintarget",3,10,"inc",0.31,0.02,0.01,0.01,0.01,0.01,0.01,0.01,0.01,0.01,0.01,0.01,0.01,0.01,0.01,0.01,0.01,0.01,0.01,0.01,0.01
"iris_bintarget",3,20,"inc",13.06,0.04,0.5,1.11,0.39,1.11,1.34,0.76,0.8,0.48,0.69,0.5,0.67,0.39,0.62,0.34,0.75,0.38,0.41,0.4,1.31
"iris_bintarget",3,30,"inc",16.76,0.96,1.59,1.84,0.73,0.62,2.06,0.82,0.71,0.95,0.53,0.74,0.61,0.64,0.51,0.71,0.76,0.39,0.51,0.39,0.6
"iris_bintarget",3,40,"inc",21.5,0.98,1.29,2.21,1.14,1.55,0.95,1.66,1.25,1.37,1.04,1.05,1.17,0.53,0.9,0.48,0.83,0.66,0.49,0.67,1.19
"iris_bintarget",3,50,"inc",176.83,0.34,0.88,1,0.6,9.15,2.23,7.11,1.97,11.79,7.7,18.91,3.55,16.59,9.95,23.79,3.69,13.72,9.97,23.82,9.9
"iris_bintarget",3,60,"inc",3.99,0.21,0.01,0.23,2.66,0.07,0.15,0.04,0.02,0.05,0.03,0.05,0.02,0.05,0.03,0.05,0.02,0.03,0.03,0.03,0.02
"iris_bintarget",3,70,"inc",3.37,0.26,0.25,0.02,0.09,0.39,0.12,0.52,0.07,0.69,0.03,0.17,0.03,0.33,0.03,0.02,0.02,0.02,0.02,0.02,0.02
"iris_bintarget",3,80,"inc",10.27,1.36,3.51,1.72,0.13,0.42,0.92,0.24,0.05,0.19,0.04,0.24,0.04,0.24,0.05,0.24,0.05,0.24,0.05,0.24,0.05
"iris_bintarget",3,90,"inc",14.55,1.53,11.93,0.09,0.03,0.1,0.04,0.04,0.03,0.05,0.03,0.05,0.03,0.05,0.03,0.05,0.03,0.05,0.03,0.06,0.03
"parkinsons",2,10,"inc",0.22,0.04,0,0,0,0,0,0,0,0,0,0,0,0,0,0,0,0,0,0,0
"parkinsons",2,20,"inc",0.71,0.21,0.02,0.01,0.01,0.09,0.03,0.01,0.01,0.01,0.01,0.01,0.01,0.01,0.01,0.01,0.01,0.01,0.01,0.01,0.01
"parkinsons",2,30,"inc",4.68,1.68,0.23,0.21,0.02,0.39,0.9,0.08,0.03,0.1,0.04,0.11,0.03,0.1,0.06,0.1,0.03,0.1,0.05,0.1,0.03
"parkinsons",2,40,"inc",39.51,4.1,1.54,14.09,2.38,1.55,1.09,0.83,2.57,0.6,0.63,0.72,4.75,0.71,0.44,0.59,0.34,0.59,0.5,0.59,0.43
"parkinsons",2,50,"inc",190.24,19.97,23.75,67.59,1,24.16,8.99,15.49,10.33,1.31,1.14,3.62,1.02,1.44,0.7,1.72,5.21,0.6,0.49,0.67,0.5
"parkinsons",2,60,"inc",4346.01,1294.61,394.53,1470.95,532.74,149.5,187.6,21.92,64.88,21.31,17.35,4.13,108.9,3.4,3.44,2.61,58.68,1.41,1.18,0.74,5.13
"parkinsons",2,70,"inc",7200,7200,7200,7200,7200,7200,7200,7200,7200,7200,7200,7200,7200,7200,7200,7200,7200,7200,7200,7200,7200
"parkinsons",2,80,"inc",7200,7200,7200,7200,7200,7200,7200,7200,7200,7200,7200,7200,7200,7200,7200,7200,7200,7200,7200,7200,7200
"parkinsons",2,90,"inc",7200,7200,7200,7200,7200,7200,7200,7200,7200,7200,7200,7200,7200,7200,7200,7200,7200,7200,7200,7200,7200
"parkinsons",3,10,"inc",0.42,0.07,0.01,0.01,0.06,0.01,0.01,0.01,0.01,0.01,0.01,0.01,0.01,0.01,0.01,0.01,0.01,0.01,0.01,0.01,0.01
"parkinsons",3,20,"inc",1.56,0.87,0.02,0.03,0.01,0.04,0.02,0.03,0.01,0.03,0.02,0.03,0.01,0.03,0.02,0.03,0.02,0.03,0.02,0.03,0.02
"parkinsons",3,30,"inc",13.96,1.76,1.34,1.55,0.04,2.57,0.17,0.76,0.04,0.93,0.11,0.81,0.04,0.72,0.09,0.84,0.04,0.91,0.09,0.73,0.04
"parkinsons",3,40,"inc",379.31,6.46,5.23,52.47,0.65,72.58,32.83,52.54,13.45,21.3,21.97,7.74,6.5,22.7,17.31,12.88,2.14,12.36,3.08,12.37,2.09
"parkinsons",3,50,"inc",360.6,14.27,12.74,71.31,2.96,47.71,10.19,36.64,17.43,61.11,16.23,10.6,2.5,10.9,3.87,10.63,3.1,10.53,3.93,10.55,2.61
"parkinsons",3,60,"inc",7200,7200,7200,7200,7200,7200,7200,7200,7200,7200,7200,7200,7200,7200,7200,7200,7200,7200,7200,7200,7200
"parkinsons",3,70,"inc",7200,7167.71,7200,7200,7200,7200,7200,7200,7200,7200,7200,7200,7200,7200,7200,7200,7200,7200,7200,7200,7200
"parkinsons",3,80,"inc",7200,7200,7200,7200,7200,7200,7200,7200,7200,7200,7200,7200,7200,7200,7200,7200,7200,7200,7200,7200,7200
"parkinsons",3,90,"inc",7200,7200,7200,7200,7200,7200,7200,7200,7200,7200,7200,7200,7200,7200,7200,7200,7200,7200,7200,7200,7200
"pima-indians-diabetes",2,10,"inc",7200,41.98,109.72,697.04,14.34,508.34,677.59,1580.22,262.32,607.7,781.36,803.09,291.28,7200,7200,7200,7200,7200,7200,7200,7200
"pima-indians-diabetes",2,20,"inc",7200,7200,7200,7200,7200,7200,7200,7200,7200,7200,7200,7200,7200,7200,7200,7200,7200,7200,7200,7200,7200
"pima-indians-diabetes",2,30,"inc",7200,7200,7200,7200,7200,7200,7200,7200,7200,7200,7200,7200,7200,7200,7200,7200,7200,7200,7200,7200,7200
"pima-indians-diabetes",2,40,"inc",7200,7200,7200,7200,7200,7200,7200,7200,7200,7200,7200,7200,7200,7200,7200,7200,7200,7200,7200,7200,7200
"pima-indians-diabetes",2,50,"inc",7200,7200,7200,7200,7200,7200,7200,7200,7200,7200,7200,7200,7200,7200,7200,7200,7200,7200,7200,7200,7200
"pima-indians-diabetes",2,60,"inc",7200,7200,7200,7200,7200,7200,7200,7200,7200,7200,7200,7200,7200,7200,7200,7200,7200,7200,7200,7200,7200
"pima-indians-diabetes",2,70,"inc",7200,7200,7200,7200,7200,7200,7200,7200,7200,7200,7200,7200,7200,7200,7200,7200,7200,7200,7200,7200,7200
"pima-indians-diabetes",2,80,"inc",7200,7200,7200,7200,7200,7200,7200,7200,7200,7200,7200,7200,7200,7200,7200,7200,7200,7200,7200,7200,7200
"pima-indians-diabetes",2,90,"inc",7200,7200,7200,7200,7200,7200,7200,7200,7200,7200,7200,7200,7200,7200,7200,7200,7200,7200,7200,7200,7200
"pima-indians-diabetes",3,10,"inc",7200,155.7,1187.31,7200,7200,7200,7200,7200,7200,7200,7200,7200,7200,7200,7200,7200,7200,7200,7200,7200,7200
"pima-indians-diabetes",3,20,"inc",7200,7200,7200,7200,7200,7200,7200,7200,7200,7200,7200,7200,7200,7200,7200,7200,7200,7200,7200,7200,7200
"pima-indians-diabetes",3,30,"inc",7200,7200,7200,7200,7200,7200,7200,7200,7200,7200,7200,7200,7200,7200,7200,7200,7200,7200,7200,7200,7200
"pima-indians-diabetes",3,40,"inc",7200,7200,7200,7200,7200,7200,7200,7200,7200,7200,7200,7200,7200,7200,7200,7200,7200,7200,7200,7200,7200
"pima-indians-diabetes",3,50,"inc",7200,7200,7200,7200,7200,7200,7200,7200,7200,7200,7200,7200,7200,7200,7200,7200,7200,7200,7200,7200,7200
"pima-indians-diabetes",3,60,"inc",7200,7200,7200,7200,7200,7200,7200,7200,7200,7200,7200,7200,7200,7200,7200,7200,7200,7200,7200,7200,7200
"pima-indians-diabetes",3,70,"inc",7200,7200,7200,7200,7200,7200,7200,7200,7200,7200,7200,7200,7200,7200,7200,7200,7200,7200,7200,7200,7200
"pima-indians-diabetes",3,80,"inc",7200,7200,7200,7200,7200,7200,7200,7200,7200,7200,7200,7200,7200,7200,7200,7200,7200,7200,7200,7200,7200
"pima-indians-diabetes",3,90,"inc",7200,7200,7200,7200,7200,7200,7200,7200,7200,7200,7200,7200,7200,7200,7200,7200,7200,7200,7200,7200,7200
"transfusion",2,10,"inc",169.64,0.07,0.1,1.89,0.27,8.16,2.6,9.27,1.84,11.86,11.83,15.09,9.55,12.25,16.04,11.15,9.52,6.35,14.69,10.39,16.63
"transfusion",2,20,"inc",12.04,0.34,0.03,0.79,0.02,1.23,0.54,0.36,0.23,0.52,0.48,0.42,0.43,0.65,0.55,0.74,0.57,1.85,0.75,0.67,0.63
"transfusion",2,30,"inc",27.24,0.65,0.03,5.04,0.05,1.68,0.76,0.81,0.96,0.89,1.02,1.44,1.38,1.25,1.44,1.35,1.59,1.71,1.66,1.75,1.47
"transfusion",2,40,"inc",116.92,25.04,0.9,6.85,1.68,5.36,1.22,1.58,1.89,1.94,2.29,3.31,3.73,4.53,15.05,15.77,13.23,7.09,1.82,1.91,1.33
"transfusion",2,50,"inc",41.88,7.96,7.08,8.53,0.98,2.09,1.38,0.39,1.45,0.43,1.15,0.36,1.25,0.42,1.46,0.42,1.94,0.39,1.49,0.46,1.78
"transfusion",2,60,"inc",158.91,39.22,27.56,34.61,1.62,17.17,2.35,3.31,1.58,2.52,2.91,2.66,5.12,4.33,2.01,2.73,0.75,2.33,2.19,2.59,0.73
"transfusion",2,70,"inc",98.6,12.79,6.77,19.41,3.27,3.67,4.36,6.46,8.83,12.4,2.81,0.9,2.83,0.73,3.05,0.72,2.14,0.78,2.26,0.75,3.07
"transfusion",2,80,"inc",275.68,51.26,54.76,18.16,2.6,8.63,8.42,8.65,9.93,16.36,9.66,9.82,12.26,16.79,5.6,6.02,4.89,7.54,5.96,9.44,8.18
"transfusion",2,90,"inc",231.26,30.43,3.47,12.79,2.59,13.7,11.75,12.17,10.3,12.69,18.85,12.26,13.51,19.97,6.78,6.51,8.13,9.39,7.1,8.6,9.44
"transfusion",3,10,"inc",476.19,0.13,0.07,1.23,0.08,21.24,12.86,47.9,2.25,28.8,24.78,42.88,11.53,121.97,23.95,14.8,12.48,25.72,19.28,49.93,14.15
"transfusion",3,20,"inc",39.67,0.33,0.48,2.31,0.06,1.39,0.94,0.78,0.64,1.18,0.92,3.64,1.27,2.04,1.6,2.08,1.64,5.61,2.5,7.69,2.2
"transfusion",3,30,"inc",194.19,1.49,0.89,11.45,1.08,8,1.89,6.95,2.13,9.51,2.58,13.08,4.06,10.88,10.8,20.29,4.76,20.64,21.02,25.15,17.06
"transfusion",3,40,"inc",120.47,3.54,107.65,0.28,0.07,0.91,0.06,0.93,0.07,5.2,0.17,0.08,0.08,0.1,0.08,0.09,0.09,0.21,0.1,0.09,0.09
"transfusion",3,50,"inc",166.21,28.25,0.69,34.25,1.44,22.62,1.15,55.25,0.64,12.84,0.5,1.45,0.29,1.44,0.29,1.23,0.3,1.25,0.31,1.11,0.29
"transfusion",3,60,"inc",2380.9,11.99,0.18,11.19,1.91,39.86,76.71,421.12,50.23,356.11,81.81,179.87,23.05,170.71,146.96,319.93,24.39,236.15,108.85,99.06,19.96
"transfusion",3,70,"inc",232.23,171.18,1.33,34.28,1.27,1.7,0.58,1.82,0.72,2.92,0.49,2.45,1.09,2.01,0.91,1.88,1.18,2.07,0.9,2.18,0.43
"transfusion",3,80,"inc",110.41,53.94,30.44,3.8,1.94,2.03,0.46,2.13,0.14,2.01,0.41,2.05,0.18,1.99,0.5,2.24,0.18,1.99,0.49,2.22,0.14
"transfusion",3,90,"inc",5865.58,22.4,1.16,206.76,20.38,125.78,59.45,116.06,63.59,292.97,218.56,962.23,132.14,830.25,219,827.55,200.54,373.97,335.02,623.88,232.75
"wdbc",2,10,"inc",3.02,1.42,0.01,0.01,0.01,0.65,0.01,0.02,0.02,0.02,0.01,0.02,0.01,0.02,0.01,0.02,0.01,0.02,0.01,0.02,0.01
"wdbc",2,20,"inc",54.47,8.39,1.95,10.73,0.06,7.77,4.39,3.11,1.24,0.92,1.02,1.33,1.19,2.25,0.8,1.03,3.79,0.91,0.61,0.86,0.48
"wdbc",2,30,"inc",659.56,19.95,7.2,326.24,1.14,139.16,94.08,25.73,1.54,3,2.74,1.66,24.14,1.87,1.35,1.27,1.25,0.68,1.23,0.61,1.66
"wdbc",2,40,"inc",7200,65.46,187.2,7200,7200,7200,7200,7200,7200,7200,7200,7200,7200,7200,7200,7200,7200,7200,7200,7200,7200
"wdbc",2,50,"inc",2526.23,378.91,217.99,1160.73,188.37,207.26,103.93,24.14,162.52,22.73,18.49,2.98,8.24,2.47,3.82,1.75,4.42,1.77,2.97,1.95,3.34
"wdbc",2,60,"inc",7200,2118.57,1192.47,7200,7200,7200,7200,7200,7200,7200,7200,7200,7200,7200,7200,7200,7200,7200,7200,7200,7200
"wdbc",2,70,"inc",7200,4841.88,7200,7200,7200,7200,7200,7200,7200,7200,7200,7200,7200,7200,7200,7200,7200,7200,7200,7200,7200
"wdbc",2,80,"inc",7200,7200,7200,7200,7200,7200,7200,7200,7200,7200,7200,7200,7200,7200,7200,7200,7200,7200,7200,7200,7200
"wdbc",2,90,"inc",7200,7200,7200,7200,7200,7200,7200,7200,7200,7200,7200,7200,7200,7200,7200,7200,7200,7200,7200,7200,7200
"wdbc",3,10,"inc",15.67,3.42,0.01,0.03,0.01,10.41,0.41,0.11,0.02,0.03,0.03,0.03,0.02,0.03,0.03,0.03,0.02,0.03,0.03,0.03,0.02
"wdbc",3,20,"inc",716.69,6.12,0.29,85.52,13.48,193.08,28.04,35.56,6.11,37.16,107.67,46.19,12.6,34.43,12.39,7.28,12.87,53.78,13.45,5.29,3.05
"wdbc",3,30,"inc",7200,56.27,117.87,7200,7200,7200,7200,7200,7200,7200,7200,7200,7200,7200,7200,7200,7200,7200,7200,7200,7200
"wdbc",3,40,"inc",7200,1113.77,4841.93,7200,7200,7200,7200,7200,7200,7200,7200,7200,7200,7200,7200,7200,7200,7200,7200,7200,7200
"wdbc",3,50,"inc",7200,7200,7200,7200,7200,7200,7200,7200,7200,7200,7200,7200,7200,7200,7200,7200,7200,7200,7200,7200,7200
"wdbc",3,60,"inc",7200,7200,7200,7200,7200,7200,7200,7200,7200,7200,7200,7200,7200,7200,7200,7200,7200,7200,7200,7200,7200
"wdbc",3,70,"inc",7200,7200,7200,7200,7200,7200,7200,7200,7200,7200,7200,7200,7200,7200,7200,7200,7200,7200,7200,7200,7200
"wdbc",3,80,"inc",7200,7200,7200,7200,7200,7200,7200,7200,7200,7200,7200,7200,7200,7200,7200,7200,7200,7200,7200,7200,7200
"wdbc",3,90,"inc",7200,7200,7200,7200,7200,7200,7200,7200,7200,7200,7200,7200,7200,7200,7200,7200,7200,7200,7200,7200,7200
"TomsHardware_bintarget",2,10,"non-inc",7200,7200,7200,7200,7200,7200,7200,7200,7200,7200,7200,7200,7200,7200,7200,7200,7200,7200,7200,7200,7200
"TomsHardware_bintarget",2,20,"non-inc",7200,7200,7200,7200,7200,7200,7200,7200,7200,7200,7200,7200,7200,7200,7200,7200,7200,7200,7200,7200,7200
"TomsHardware_bintarget",2,30,"non-inc",7200,7200,7200,7200,7200,7200,7200,7200,7200,7200,7200,7200,7200,7200,7200,7200,7200,7200,7200,7200,7200
"TomsHardware_bintarget",2,40,"non-inc",7200,7200,7200,7200,7200,7200,7200,7200,7200,7200,7200,7200,7200,7200,7200,7200,7200,7200,7200,7200,7200
"TomsHardware_bintarget",2,50,"non-inc",7200,7200,7200,7200,7200,7200,7200,7200,7200,7200,7200,7200,7200,7200,7200,7200,7200,7200,7200,7200,7200
"TomsHardware_bintarget",2,60,"non-inc",7200,7200,7200,7200,7200,7200,7200,7200,7200,7200,7200,7200,7200,7200,7200,7200,7200,7200,7200,7200,7200
"TomsHardware_bintarget",2,70,"non-inc",7200,7200,7200,7200,7200,7200,7200,7200,7200,7200,7200,7200,7200,7200,7200,7200,7200,7200,7200,7200,7200
"TomsHardware_bintarget",2,80,"non-inc",7200,7200,7200,7200,7200,7200,7200,7200,7200,7200,7200,7200,7200,7200,7200,7200,7200,7200,7200,7200,7200
"TomsHardware_bintarget",2,90,"non-inc",7200,7200,7200,7200,7200,7200,7200,7200,7200,7200,7200,7200,7200,7200,7200,7200,7200,7200,7200,7200,7200
"TomsHardware_bintarget",3,10,"non-inc",7200,7200,7200,7200,7200,7200,7200,7200,7200,7200,7200,7200,7200,7200,7200,7200,7200,7200,7200,7200,7200
"TomsHardware_bintarget",3,20,"non-inc",7200,7200,7200,7200,7200,7200,7200,7200,7200,7200,7200,7200,7200,7200,7200,7200,7200,7200,7200,7200,7200
"TomsHardware_bintarget",3,30,"non-inc",7200,7200,7200,7200,7200,7200,7200,7200,7200,7200,7200,7200,7200,7200,7200,7200,7200,7200,7200,7200,7200
"TomsHardware_bintarget",3,40,"non-inc",7200,7200,7200,7200,7200,7200,7200,7200,7200,7200,7200,7200,7200,7200,7200,7200,7200,7200,7200,7200,7200
"TomsHardware_bintarget",3,50,"non-inc",7200,7200,7200,7200,7200,7200,7200,7200,7200,7200,7200,7200,7200,7200,7200,7200,7200,7200,7200,7200,7200
"TomsHardware_bintarget",3,60,"non-inc",7200,7200,7200,7200,7200,7200,7200,7200,7200,7200,7200,7200,7200,7200,7200,7200,7200,7200,7200,7200,7200
"TomsHardware_bintarget",3,70,"non-inc",7200,7200,7200,7200,7200,7200,7200,7200,7200,7200,7200,7200,7200,7200,7200,7200,7200,7200,7200,7200,7200
"TomsHardware_bintarget",3,80,"non-inc",7200,7200,7200,7200,7200,7200,7200,7200,7200,7200,7200,7200,7200,7200,7200,7200,7200,7200,7200,7200,7200
"TomsHardware_bintarget",3,90,"non-inc",7200,7200,7200,7200,7200,7200,7200,7200,7200,7200,7200,7200,7200,7200,7200,7200,7200,7200,7200,7200,7200
"Twitter_bintarget_small",2,10,"non-inc",7200,7200,7200,7200,7200,7200,7200,7200,7200,7200,7200,7200,7200,7200,7200,7200,7200,7200,7200,7200,7200
"Twitter_bintarget_small",2,20,"non-inc",7200,7200,7200,7200,7200,7200,7200,7200,7200,7200,7200,7200,7200,7200,7200,7200,7200,7200,7200,7200,7200
"Twitter_bintarget_small",2,30,"non-inc",7200,7200,7200,7200,7200,7200,7200,7200,7200,7200,7200,7200,7200,7200,7200,7200,7200,7200,7200,7200,7200
"Twitter_bintarget_small",2,40,"non-inc",7200,7200,7200,7200,7200,7200,7200,7200,7200,7200,7200,7200,7200,7200,7200,7200,7200,7200,7200,7200,7200
"Twitter_bintarget_small",2,50,"non-inc",7200,7200,7200,7200,7200,7200,7200,7200,7200,7200,7200,7200,7200,7200,7200,7200,7200,7200,7200,7200,7200
"Twitter_bintarget_small",2,60,"non-inc",7200,7200,7200,7200,7200,7200,7200,7200,7200,7200,7200,7200,7200,7200,7200,7200,7200,7200,7200,7200,7200
"Twitter_bintarget_small",2,70,"non-inc",7200,7200,7200,7200,7200,7200,7200,7200,7200,7200,7200,7200,7200,7200,7200,7200,7200,7200,7200,7200,7200
"Twitter_bintarget_small",2,80,"non-inc",7200,7200,7200,7200,7200,7200,7200,7200,7200,7200,7200,7200,7200,7200,7200,7200,7200,7200,7200,7200,7200
"Twitter_bintarget_small",2,90,"non-inc",7200,7200,7200,7200,7200,7200,7200,7200,7200,7200,7200,7200,7200,7200,7200,7200,7200,7200,7200,7200,7200
"Twitter_bintarget_small",3,10,"non-inc",7200,7200,7200,7200,7200,7200,7200,7200,7200,7200,7200,7200,7200,7200,7200,7200,7200,7200,7200,7200,7200
"Twitter_bintarget_small",3,20,"non-inc",7200,7200,7200,7200,7200,7200,7200,7200,7200,7200,7200,7200,7200,7200,7200,7200,7200,7200,7200,7200,7200
"Twitter_bintarget_small",3,30,"non-inc",7200,7200,7200,7200,7200,7200,7200,7200,7200,7200,7200,7200,7200,7200,7200,7200,7200,7200,7200,7200,7200
"Twitter_bintarget_small",3,40,"non-inc",7200,7200,7200,7200,7200,7200,7200,7200,7200,7200,7200,7200,7200,7200,7200,7200,7200,7200,7200,7200,7200
"Twitter_bintarget_small",3,50,"non-inc",7200,7200,7200,7200,7200,7200,7200,7200,7200,7200,7200,7200,7200,7200,7200,7200,7200,7200,7200,7200,7200
"Twitter_bintarget_small",3,60,"non-inc",7200,7200,7200,7200,7200,7200,7200,7200,7200,7200,7200,7200,7200,7200,7200,7200,7200,7200,7200,7200,7200
"Twitter_bintarget_small",3,70,"non-inc",7200,7200,7200,7200,7200,7200,7200,7200,7200,7200,7200,7200,7200,7200,7200,7200,7200,7200,7200,7200,7200
"Twitter_bintarget_small",3,80,"non-inc",7200,7200,7200,7200,7200,7200,7200,7200,7200,7200,7200,7200,7200,7200,7200,7200,7200,7200,7200,7200,7200
"Twitter_bintarget_small",3,90,"non-inc",7200,7200,7200,7200,7200,7200,7200,7200,7200,7200,7200,7200,7200,7200,7200,7200,7200,7200,7200,7200,7200
"adult_data_bintarget",2,10,"non-inc",32.3,1.7,1.61,1.54,1.53,1.53,1.54,1.61,1.69,1.56,1.54,1.71,1.69,1.7,1.58,1.53,1.62,1.72,1.6,1.72,1.58
"adult_data_bintarget",2,20,"non-inc",58.53,2.87,6.38,3.05,3.06,2.65,2.64,2.67,2.61,2.95,2.58,2.71,2.56,2.79,2.67,2.64,3.05,2.66,2.63,2.78,2.58
"adult_data_bintarget",2,30,"non-inc",82.34,4.03,3.96,4.15,4.76,4.13,4.02,4.2,3.93,4.37,4.01,4.15,3.92,4.21,3.96,4.19,3.93,4.22,3.98,4.17,4.05
"adult_data_bintarget",2,40,"non-inc",111.86,5.69,5.47,5.73,5.3,5.48,5.24,6.07,5.27,5.69,5.26,5.48,6.44,6.16,5.28,5.5,5.39,5.69,5.47,5.72,5.53
"adult_data_bintarget",2,50,"non-inc",140.01,7.25,6.94,7.31,6.75,7.32,7.62,7.08,7,7.06,6.71,7,6.85,6.97,6.73,7.05,6.78,6.93,6.76,7.13,6.77
"adult_data_bintarget",2,60,"non-inc",382.45,20.56,19.24,19.21,19.45,18.35,18.57,18.96,21.21,18.35,19.78,18.37,18.55,18.36,20.15,18.26,20.46,18.44,18.6,18.3,19.28
"adult_data_bintarget",2,70,"non-inc",471.18,23.28,24.76,22.79,24.87,23.44,22.58,24.7,28.35,22.86,22.87,22.51,23.65,22.55,23.38,22.84,23.58,22.67,23.25,23.07,23.18
"adult_data_bintarget",2,80,"non-inc",541.25,28.04,27.86,27.08,26.5,26.73,26.11,27.32,27.3,26.97,27.37,25.76,27.26,28.68,27.42,27.32,27.43,25.84,27.08,25.65,27.53
"adult_data_bintarget",2,90,"non-inc",789.19,31.78,31.26,28.51,32.01,29.08,31.45,29.25,200.1,28.58,29.98,28.65,42.35,28.89,29.93,29.16,40.73,28.81,29.75,28.54,30.38
"adult_data_bintarget",3,10,"non-inc",44.18,2.33,2.11,2.45,2.16,2.48,2.3,2.27,2.07,2.15,2.04,2.11,2.06,2.17,2,2.19,2.23,2.38,2.27,2.19,2.22
"adult_data_bintarget",3,20,"non-inc",98.06,5.09,4.69,4.87,4.75,5.32,4.69,5.02,4.74,5.1,4.72,5.09,4.72,5.03,4.73,5.16,4.76,5.03,4.88,4.96,4.71
"adult_data_bintarget",3,30,"non-inc",151.56,7.68,7.26,7.71,7.29,7.69,7.28,7.76,7.31,7.99,7.22,7.78,7.31,8.05,7.19,7.76,7.27,7.83,7.24,8.15,7.79
"adult_data_bintarget",3,40,"non-inc",228.48,11.33,10.87,11.38,10.9,11.68,11.17,11.99,11.33,12.04,11.11,11.65,11.34,11.98,10.73,12.31,11.22,12.02,10.81,11.55,11.07
"adult_data_bintarget",3,50,"non-inc",286.51,14.93,13.85,14.59,13.69,14.86,14.04,14.38,13.68,14.62,13.58,14.64,14.38,15.26,13.65,14.66,13.7,14.94,13.81,15.07,14.18
"adult_data_bintarget",3,60,"non-inc",784.4,38.21,39.51,38.01,41.62,40.5,38.53,39.74,38.97,38.95,38.87,38.54,38.81,37.95,41.62,39.5,39.39,38.18,41.58,37.5,38.42
"adult_data_bintarget",3,70,"non-inc",916.2,46.12,47.61,45.32,45.82,45.8,47.22,45.32,45.9,44.64,46.26,44.98,45.01,44.64,46.37,44.89,46.34,45.3,45.41,47.5,45.75
"adult_data_bintarget",3,80,"non-inc",1081.72,51.42,53.7,52.02,52.29,52.39,53.12,52.47,52.52,52.95,52.35,52.23,52.8,51.36,58.06,51.76,52.59,52.75,80.77,51.81,52.36
"adult_data_bintarget",3,90,"non-inc",1188.7,58.67,61.87,58.11,60.18,57.77,60.47,58.49,57.5,58.9,59.58,58.81,59.37,58.37,65.59,58.36,57.02,57.54,66.35,57.6,58.15
"credit_card_clients",2,10,"non-inc",7200,7200,7200,7200,7200,7200,7200,7200,7200,7200,7200,7200,7200,7200,7200,7200,7200,7200,7200,7200,7200
"credit_card_clients",2,20,"non-inc",7200,7200,7200,7200,7200,7200,7200,7200,7200,7200,7200,7200,7200,7200,7200,7200,7200,7200,7200,7200,7200
"credit_card_clients",2,30,"non-inc",7200,7200,7200,7200,7200,7200,7200,7200,7200,7200,7200,7200,7200,7200,7200,7200,7200,7200,7200,7200,7200
"credit_card_clients",2,40,"non-inc",7200,7200,7200,7200,7200,7200,7200,7200,7200,7200,7200,7200,7200,7200,7200,7200,7200,7200,7200,7200,7200
"credit_card_clients",2,50,"non-inc",7200,7200,7200,7200,7200,7200,7200,7200,7200,7200,7200,7200,7200,7200,7200,7200,7200,7200,7200,7200,7200
"credit_card_clients",2,60,"non-inc",7200,7200,7200,7200,7200,7200,7200,7200,7200,7200,7200,7200,7200,7200,7200,7200,7200,7200,7200,7200,7200
"credit_card_clients",2,70,"non-inc",7200,7200,7200,7200,7200,7200,7200,7200,7200,7200,7200,7200,7200,7200,7200,7200,7200,7200,7200,7200,7200
"credit_card_clients",2,80,"non-inc",7200,7200,7200,7200,7200,7200,7200,7200,7200,7200,7200,7200,7200,7200,7200,7200,7200,7200,7200,7200,7200
"credit_card_clients",2,90,"non-inc",7200,7200,7200,7200,7200,7200,7200,7200,7200,7200,7200,7200,7200,7200,7200,7200,7200,7200,7200,7200,7200
"credit_card_clients",3,10,"non-inc",7200,7200,7200,7200,7200,7200,7200,7200,7200,7200,7200,7200,7200,7200,7200,7200,7200,7200,7200,7200,7200
"credit_card_clients",3,20,"non-inc",7200,7200,7200,7200,7200,7200,7200,7200,7200,7200,7200,7200,7200,7200,7200,7200,7200,7200,7200,7200,7200
"credit_card_clients",3,30,"non-inc",7200,7200,7200,7200,7200,7200,7200,7200,7200,7200,7200,7200,7200,7200,7200,7200,7200,7200,7200,7200,7200
"credit_card_clients",3,40,"non-inc",7200,7200,7200,7200,7200,7200,7200,7200,7200,7200,7200,7200,7200,7200,7200,7200,7200,7200,7200,7200,7200
"credit_card_clients",3,50,"non-inc",7200,7200,7200,7200,7200,7200,7200,7200,7200,7200,7200,7200,7200,7200,7200,7200,7200,7200,7200,7200,7200
"credit_card_clients",3,60,"non-inc",7200,7200,7200,7200,7200,7200,7200,7200,7200,7200,7200,7200,7200,7200,7200,7200,7200,7200,7200,7200,7200
"credit_card_clients",3,70,"non-inc",7200,7200,7200,7200,7200,7200,7200,7200,7200,7200,7200,7200,7200,7200,7200,7200,7200,7200,7200,7200,7200
"credit_card_clients",3,80,"non-inc",7200,7200,7200,7200,7200,7200,7200,7200,7200,7200,7200,7200,7200,7200,7200,7200,7200,7200,7200,7200,7200
"credit_card_clients",3,90,"non-inc",7200,7200,7200,7200,7200,7200,7200,7200,7200,7200,7200,7200,7200,7200,7200,7200,7200,7200,7200,7200,7200
"ionosphere",2,10,"non-inc",59.11,2.4,2.14,2.81,1.58,4.83,2.8,1.94,2.15,3.4,4.17,5.32,2.5,2.47,2.54,2.51,3.12,2.44,3.54,2.47,3.98
"ionosphere",2,20,"non-inc",304.38,10.25,10.11,11.54,14.94,10.76,18.37,11.86,18.64,11.27,21.34,11.85,19.48,13.52,15.17,15.62,35.55,11.58,13.26,14.6,14.67
"ionosphere",2,30,"non-inc",823.64,10.75,9.21,47.09,20.49,48.77,61.09,47.6,47.86,31.43,55.6,28.77,63.83,26.43,53.34,36.57,59.28,40.82,57.46,37.94,39.31
"ionosphere",2,40,"non-inc",7200,248.97,3215.13,7200,7200,7200,7200,7200,7200,7200,7200,7200,7200,7200,7200,7200,7200,7200,7200,7200,7200
"ionosphere",2,50,"non-inc",7200,7200,7200,7200,7200,7200,7200,7200,7200,7200,7200,7200,7200,7200,7200,7200,7200,7200,7200,7200,7200
"ionosphere",2,60,"non-inc",7200,7200,7200,7200,7200,7200,7200,7200,7200,7200,7200,7200,7200,7200,7200,7200,7200,7200,7200,7200,7200
"ionosphere",2,70,"non-inc",7200,7200,7200,7200,7200,7200,7200,7200,7200,7200,7200,7200,7200,7200,7200,7200,7200,7200,7200,7200,7200
"ionosphere",2,80,"non-inc",7200,7200,7200,7200,7200,7200,7200,7200,7200,7200,7200,7200,7200,7200,7200,7200,7200,7200,7200,7200,7200
"ionosphere",2,90,"non-inc",7200,7200,7200,7200,7200,7200,7200,7200,7200,7200,7200,7200,7200,7200,7200,7200,7200,7200,7200,7200,7200
"ionosphere",3,10,"non-inc",113.6,5.46,1.47,2.64,2.29,5.34,2.82,5.85,3.11,6.39,2.99,9.04,2.92,12.98,3.57,16.96,2.9,10.32,2.52,11.54,2.49
"ionosphere",3,20,"non-inc",1003.9,9.49,7.64,30.08,8.86,10,8.65,107.55,6.97,65.64,11.73,120.2,8.29,146.5,15.58,32.36,20.29,239.87,10.61,139.26,4.33
"ionosphere",3,30,"non-inc",2319.78,19.57,16.23,84.19,42.25,134.72,55.4,58.84,55.59,67.41,100.73,249.56,56.97,106.64,110.67,68.08,51.01,322.08,250.33,415.8,53.71
"ionosphere",3,40,"non-inc",7200,402.56,544.85,7200,7200,7200,7200,7200,7200,7200,7200,7200,7200,7200,7200,7200,7200,7200,7200,7200,7200
"ionosphere",3,50,"non-inc",7200,7200,7200,7200,7200,7200,7200,7200,7200,7200,7200,7200,7200,7200,7200,7200,7200,7200,7200,7200,7200
"ionosphere",3,60,"non-inc",7200,7200,7200,7200,7200,7200,7200,7200,7200,7200,7200,7200,7200,7200,7200,7200,7200,7200,7200,7200,7200
"ionosphere",3,70,"non-inc",7200,7200,7200,7200,7200,7200,7200,7200,7200,7200,7200,7200,7200,7200,7200,7200,7200,7200,7200,7200,7200
"ionosphere",3,80,"non-inc",7200,7200,7200,7200,7200,7200,7200,7200,7200,7200,7200,7200,7200,7200,7200,7200,7200,7200,7200,7200,7200
"ionosphere",3,90,"non-inc",7200,7200,7200,7200,7200,7200,7200,7200,7200,7200,7200,7200,7200,7200,7200,7200,7200,7200,7200,7200,7200
"iris_bintarget",2,10,"non-inc",0.34,0.01,0.01,0.02,0.02,0.01,0.02,0.01,0.02,0.01,0.02,0.02,0.02,0.02,0.02,0.01,0.02,0.02,0.02,0.01,0.03
"iris_bintarget",2,20,"non-inc",7.95,0.22,0.11,0.41,0.33,0.47,0.16,0.63,0.47,0.54,0.29,0.61,0.34,0.54,0.21,0.58,0.3,0.58,0.21,0.48,0.47
"iris_bintarget",2,30,"non-inc",6.55,0.05,0.23,0.35,0.24,0.25,0.44,0.16,0.51,0.16,0.46,0.21,0.77,0.17,0.44,0.18,0.46,0.17,0.68,0.16,0.46
"iris_bintarget",2,40,"non-inc",14.83,0.19,0.36,0.59,0.46,0.3,0.41,0.28,0.35,1.02,1.35,1.05,0.33,1.05,1.31,1.23,0.79,1.19,0.56,1.16,0.85
"iris_bintarget",2,50,"non-inc",6.09,0.1,0.19,0.1,0.25,0.27,0.13,0.27,0.21,0.26,0.17,0.27,0.48,0.26,0.17,0.26,0.71,0.27,0.17,0.27,1.28
"iris_bintarget",2,60,"non-inc",18.64,0.19,0.36,0.36,0.32,0.11,0.11,0.12,0.13,1.38,1.19,1.84,0.3,1.51,0.78,1.21,1.16,2.98,0.49,3.51,0.59
"iris_bintarget",2,70,"non-inc",40.62,0.33,0.44,0.53,0.83,5.89,0.76,2.12,0.75,2.64,1.24,3.12,1.44,4.13,1.63,3.52,1.28,2.93,2.34,3.06,1.64
"iris_bintarget",2,80,"non-inc",112.73,0.63,0.74,0.69,1.43,2.79,4.9,3.81,3.6,3.38,11.41,4.17,13.54,7.97,12.24,3.94,6.04,8.4,11.87,5.63,5.55
"iris_bintarget",2,90,"non-inc",11.83,0.35,0.5,0.46,1.95,0.43,0.47,0.5,0.53,0.52,0.49,0.51,0.53,0.59,0.47,0.46,0.83,0.59,0.5,0.57,0.58
"iris_bintarget",3,10,"non-inc",0.49,0.02,0.02,0.03,0.02,0.03,0.02,0.02,0.03,0.03,0.03,0.02,0.03,0.02,0.02,0.02,0.03,0.02,0.02,0.03,0.03
"iris_bintarget",3,20,"non-inc",13.35,0.05,0.44,0.56,0.33,1.23,0.84,0.93,1.06,0.64,0.96,0.67,1.63,0.46,0.72,0.46,0.43,0.46,0.45,0.47,0.56
"iris_bintarget",3,30,"non-inc",20.05,0.98,1.82,1.56,0.37,0.84,1.24,0.78,1.13,0.98,1.28,0.98,1.09,0.7,0.96,0.74,0.94,0.8,0.98,0.73,1.15
"iris_bintarget",3,40,"non-inc",47.16,1,3.95,1.47,0.63,2.47,1.91,4.15,3.29,1.3,2.69,1.31,3.52,0.9,3.78,1.23,3.09,1.02,4.59,2.37,2.49
"iris_bintarget",3,50,"non-inc",136.25,0.35,1.37,1.28,1.63,4.03,5.97,7.6,4.19,10.76,6.87,7.62,5.2,9.88,6.32,12.67,5.76,15.04,7.04,16.08,6.59
"iris_bintarget",3,60,"non-inc",15.27,0.17,0.57,0.5,0.77,0.89,0.75,0.93,0.76,0.71,0.93,0.83,0.94,1.04,0.72,0.68,0.99,0.77,0.81,0.77,0.74
"iris_bintarget",3,70,"non-inc",17.79,0.28,0.56,0.65,0.72,0.83,1.22,0.75,1.19,0.77,1.16,1.15,1.07,1.14,1,1.2,0.94,0.89,0.77,0.83,0.67
"iris_bintarget",3,80,"non-inc",37.51,1.99,1.13,2.23,1.39,2.15,2.16,1.62,2.43,1.78,1.64,1.62,2.24,2,1.36,2.22,1.38,2.49,1.21,2.55,1.92
"iris_bintarget",3,90,"non-inc",26.35,2.65,0.92,1.84,2.73,1.24,0.92,1.07,0.95,1.23,0.93,1.4,0.84,1.43,1.02,1.57,0.95,1.09,0.81,1.34,1.42
"parkinsons",2,10,"non-inc",1.06,0.05,0.07,0.06,0.05,0.05,0.05,0.05,0.06,0.05,0.05,0.05,0.06,0.05,0.06,0.05,0.05,0.05,0.05,0.05,0.05
"parkinsons",2,20,"non-inc",9.48,0.25,0.41,0.28,0.48,0.34,0.31,0.36,0.5,0.63,0.31,0.64,0.48,0.63,0.45,0.64,0.5,0.6,0.44,0.6,0.63
"parkinsons",2,30,"non-inc",28.39,1.43,1.68,1.57,1.12,1.58,1.73,1.56,1.3,1.33,1.69,1.33,1.24,1.25,1.3,1.28,1.35,1.34,1.61,1.46,1.24
"parkinsons",2,40,"non-inc",84.26,3.45,5.5,16.45,2.92,4.27,3.86,4.73,2.78,3.79,8.77,2.1,6.15,2.39,3.52,2.02,2.44,2.21,2.45,1.99,2.47
"parkinsons",2,50,"non-inc",200.47,16.02,11.39,56.11,4.14,9.68,13.47,6.65,22.21,3.56,5.24,5.01,8.85,4.17,5.93,2.97,5.86,3.94,4.86,3.77,6.64
"parkinsons",2,60,"non-inc",7200,7200,7200,7200,7200,7200,7200,7200,7200,7200,7200,7200,7200,7200,7200,7200,7200,7200,7200,7200,7200
"parkinsons",2,70,"non-inc",7200,696.07,7200,7200,7200,7200,7200,7200,7200,7200,7200,7200,7200,7200,7200,7200,7200,7200,7200,7200,7200
"parkinsons",2,80,"non-inc",7200,3932.68,7200,7200,7200,7200,7200,7200,7200,7200,7200,7200,7200,7200,7200,7200,7200,7200,7200,7200,7200
"parkinsons",2,90,"non-inc",7200,7200,7200,7200,7200,7200,7200,7200,7200,7200,7200,7200,7200,7200,7200,7200,7200,7200,7200,7200,7200
"parkinsons",3,10,"non-inc",1.72,0.09,0.08,0.09,0.09,0.08,0.08,0.09,0.09,0.08,0.08,0.09,0.09,0.09,0.08,0.08,0.09,0.08,0.09,0.09,0.09
"parkinsons",3,20,"non-inc",25.86,0.94,0.63,1.26,0.86,1.18,0.64,1.03,0.67,1.86,0.66,1.9,0.6,2.12,0.67,3.57,0.6,2.71,1.29,2.03,0.64
"parkinsons",3,30,"non-inc",83.83,2.12,2.69,3.96,1.81,4.16,1.75,3.69,1.69,5.99,3.97,3.71,2.38,4.78,1.67,15.09,1.99,13.97,2.17,3.93,2.31
"parkinsons",3,40,"non-inc",657.73,7.48,8.69,83.81,8.03,64.76,45.35,101.71,8.48,67.88,30.68,24.31,30.82,20.1,11.09,24.19,25.55,22.11,11.42,21.86,39.41
"parkinsons",3,50,"non-inc",1046.82,22.24,22.28,67.46,17.74,164.31,41.04,65.44,39.87,115.58,51.8,48.72,43.53,51.43,26.82,72.25,28.34,34.26,39.34,24.39,69.98
"parkinsons",3,60,"non-inc",7200,7200,7200,7200,7200,7200,7200,7200,7200,7200,7200,7200,7200,7200,7200,7200,7200,7200,7200,7200,7200
"parkinsons",3,70,"non-inc",7200,7087.49,7200,7200,7200,7200,7200,7200,7200,7200,7200,7200,7200,7200,7200,7200,7200,7200,7200,7200,7200
"parkinsons",3,80,"non-inc",7200,5848.93,7200,7200,7200,7200,7200,7200,7200,7200,7200,7200,7200,7200,7200,7200,7200,7200,7200,7200,7200
"parkinsons",3,90,"non-inc",7200,7200,7200,7200,7200,7200,7200,7200,7200,7200,7200,7200,7200,7200,7200,7200,7200,7200,7200,7200,7200
"pima-indians-diabetes",2,10,"non-inc",7200,42.65,51.43,492.13,70.42,1406.75,421.61,427.96,278.84,574.92,315.08,462.14,355.03,583.78,483.39,336.01,239.84,332.92,7200,7200,7200
"pima-indians-diabetes",2,20,"non-inc",7200,7200,7200,7200,7200,7200,7200,7200,7200,7200,7200,7200,7200,7200,7200,7200,7200,7200,7200,7200,7200
"pima-indians-diabetes",2,30,"non-inc",7200,7200,7200,7200,7200,7200,7200,7200,7200,7200,7200,7200,7200,7200,7200,7200,7200,7200,7200,7200,7200
"pima-indians-diabetes",2,40,"non-inc",7200,7200,7200,7200,7200,7200,7200,7200,7200,7200,7200,7200,7200,7200,7200,7200,7200,7200,7200,7200,7200
"pima-indians-diabetes",2,50,"non-inc",7200,7200,7200,7200,7200,7200,7200,7200,7200,7200,7200,7200,7200,7200,7200,7200,7200,7200,7200,7200,7200
"pima-indians-diabetes",2,60,"non-inc",7200,7200,7200,7200,7200,7200,7200,7200,7200,7200,7200,7200,7200,7200,7200,7200,7200,7200,7200,7200,7200
"pima-indians-diabetes",2,70,"non-inc",7200,7200,7200,7200,7200,7200,7200,7200,7200,7200,7200,7200,7200,7200,7200,7200,7200,7200,7200,7200,7200
"pima-indians-diabetes",2,80,"non-inc",7200,7200,7200,7200,7200,7200,7200,7200,7200,7200,7200,7200,7200,7200,7200,7200,7200,7200,7200,7200,7200
"pima-indians-diabetes",2,90,"non-inc",7200,7200,7200,7200,7200,7200,7200,7200,7200,7200,7200,7200,7200,7200,7200,7200,7200,7200,7200,7200,7200
"pima-indians-diabetes",3,10,"non-inc",7200,210.52,146.94,3246.73,1938.63,7200,7200,7200,7200,7200,7200,7200,7200,7200,7200,7200,7200,7200,7200,7200,7200
"pima-indians-diabetes",3,20,"non-inc",7200,7200,7200,7200,7200,7200,7200,7200,7200,7200,7200,7200,7200,7200,7200,7200,7200,7200,7200,7200,7200
"pima-indians-diabetes",3,30,"non-inc",7200,7200,7200,7200,7200,7200,7200,7200,7200,7200,7200,7200,7200,7200,7200,7200,7200,7200,7200,7200,7200
"pima-indians-diabetes",3,40,"non-inc",7200,7200,7200,7200,7200,7200,7200,7200,7200,7200,7200,7200,7200,7200,7200,7200,7200,7200,7200,7200,7200
"pima-indians-diabetes",3,50,"non-inc",7200,7200,7200,7200,7200,7200,7200,7200,7200,7200,7200,7200,7200,7200,7200,7200,7200,7200,7200,7200,7200
"pima-indians-diabetes",3,60,"non-inc",7200,7200,7200,7200,7200,7200,7200,7200,7200,7200,7200,7200,7200,7200,7200,7200,7200,7200,7200,7200,7200
"pima-indians-diabetes",3,70,"non-inc",7200,7200,7200,7200,7200,7200,7200,7200,7200,7200,7200,7200,7200,7200,7200,7200,7200,7200,7200,7200,7200
"pima-indians-diabetes",3,80,"non-inc",7200,7200,7200,7200,7200,7200,7200,7200,7200,7200,7200,7200,7200,7200,7200,7200,7200,7200,7200,7200,7200
"pima-indians-diabetes",3,90,"non-inc",7200,7200,7200,7200,7200,7200,7200,7200,7200,7200,7200,7200,7200,7200,7200,7200,7200,7200,7200,7200,7200
"transfusion",2,10,"non-inc",185.29,0.08,0.09,0.57,0.08,11.52,1.34,13.57,1.06,16.31,8.26,12.39,1.37,17.6,7.89,20.04,7.12,25.63,10.22,22.19,7.96
"transfusion",2,20,"non-inc",50.65,0.36,0.45,1.05,5.51,1.25,1.98,1.42,0.85,2.39,1.64,1.84,2.12,1.53,1.4,2.01,17.7,1.54,1.77,2.11,1.73
"transfusion",2,30,"non-inc",215.69,0.65,1.09,3.18,19.98,4.14,7.82,8.62,13.38,6.69,7.17,7.85,6.63,8.2,8.66,8.17,69.51,6.5,14.64,8.06,4.75
"transfusion",2,40,"non-inc",727.93,24.74,6.54,7.89,65.12,104.22,15.78,18.17,15.07,14.29,12.18,27.64,23.99,14.52,14.06,31.75,140.04,119.26,15.28,28.78,28.61
"transfusion",2,50,"non-inc",5335.39,8.35,19.88,88.27,76.04,31.33,66.68,54.54,49.87,110.58,48.1,65.03,165.56,234.83,42.92,69.17,197.93,1540.2,2029.24,285.09,151.78
"transfusion",2,60,"non-inc",4068.7,38.74,69.27,103.98,401.11,104.73,37.67,107.94,33.76,125.06,66.34,170.65,208.91,121.79,150.53,187.29,638.52,307.63,45.75,753.41,395.62
"transfusion",2,70,"non-inc",3157.53,12.65,32.01,58.55,450.11,54.14,38.01,58.5,61.47,82.45,107.35,126.49,64.2,412.52,62.59,158.16,386.75,593.85,105.26,121.36,171.11
"transfusion",2,80,"non-inc",6693.04,51.79,187.3,36.57,784.03,36.4,98.64,47.24,82.07,64.08,88.44,279.82,207.41,48.72,3522.04,51.66,799.7,57.38,134.05,56.86,58.84
"transfusion",2,90,"non-inc",7200,30.3,80.22,170.91,666.17,159.68,416.43,231.41,555.77,622.83,1295.92,2771.12,7200,7200,7200,7200,7200,7200,7200,7200,7200
"transfusion",3,10,"non-inc",815.66,0.15,0.14,9.18,0.15,40.65,9.22,58.57,1.62,34.99,44.49,53.32,23.98,101.27,42.57,84.09,37.54,100.56,42.3,100.55,30.32
"transfusion",3,20,"non-inc",396.81,0.36,1.95,3.34,84.74,9.52,3.33,7.83,6.72,7.37,16.36,23.98,7.04,21.5,18.24,29.49,61.35,28.74,26.4,28.48,10.07
"transfusion",3,30,"non-inc",1830.29,1.45,1.59,12.4,110.94,8.39,22.75,26.17,16.26,28.89,30.06,48.31,29.74,42,25.63,36.89,1221.6,41.11,44.69,38.78,42.64
"transfusion",3,40,"non-inc",7200,2.98,22.74,17.57,601.59,38.58,68.58,49.68,61.25,129.39,54.51,3500.29,47.58,1309.51,212.37,58.06,7200,7200,7200,7200,7200
"transfusion",3,50,"non-inc",7200,24.17,8.77,39.13,622.48,228.62,64.85,370.37,62.99,3033.5,249.27,2143.08,51.28,7200,7200,7200,7200,7200,7200,7200,7200
"transfusion",3,60,"non-inc",7200,12.13,27.84,55.02,992.24,166.64,148.11,205.09,191.25,812.79,1447.95,7200,7200,7200,7200,7200,7200,7200,7200,7200,7200
"transfusion",3,70,"non-inc",7200,41.99,57.56,215.1,1163.37,804.05,303.05,1575.43,100.35,7200,7200,7200,7200,7200,7200,7200,7200,7200,7200,7200,7200
"transfusion",3,80,"non-inc",7200,68.96,728.32,379.17,1566.84,2866.66,394.2,7200,7200,7200,7200,7200,7200,7200,7200,7200,7200,7200,7200,7200,7200
"transfusion",3,90,"non-inc",7200,22.83,42.35,280.74,1536.78,98.2,151.03,566.42,216.43,1753.48,7200,7200,7200,7200,7200,7200,7200,7200,7200,7200,7200
"wdbc",2,10,"non-inc",33.97,1.58,1.11,1.4,1.96,1.61,1.56,1.47,1.77,1.58,2.32,1.59,1.78,1.59,1.29,1.78,1.73,2.09,1.57,2.51,1.68
"wdbc",2,20,"non-inc",276.45,13.18,6.97,31.69,7.18,24.92,17.78,17.39,7.87,17.29,11.95,16.09,7.01,14.45,13.49,13.28,9.11,17.35,7.42,16.14,5.89
"wdbc",2,30,"non-inc",1068.31,13.64,22.83,276.91,29.31,151.51,97.76,113.78,49.28,49.63,46.67,28.62,49.97,12.78,18.97,12.43,36.98,12.87,14.3,11.45,18.62
"wdbc",2,40,"non-inc",7200,109.85,470.83,4324.38,1122.09,7200,7200,7200,7200,7200,7200,7200,7200,7200,7200,7200,7200,7200,7200,7200,7200
"wdbc",2,50,"non-inc",4310.93,232.24,242.69,1590.2,176.88,431.09,253,149.28,243.09,94.53,87.67,72.27,139.95,80.64,76.62,82.05,72.36,58.98,71.75,78.45,77.19
"wdbc",2,60,"non-inc",7200,1795.1,5258.64,7200,7200,7200,7200,7200,7200,7200,7200,7200,7200,7200,7200,7200,7200,7200,7200,7200,7200
"wdbc",2,70,"non-inc",7200,7200,7200,7200,7200,7200,7200,7200,7200,7200,7200,7200,7200,7200,7200,7200,7200,7200,7200,7200,7200
"wdbc",2,80,"non-inc",7200,7200,7200,7200,7200,7200,7200,7200,7200,7200,7200,7200,7200,7200,7200,7200,7200,7200,7200,7200,7200
"wdbc",2,90,"non-inc",7200,7200,7200,7200,7200,7200,7200,7200,7200,7200,7200,7200,7200,7200,7200,7200,7200,7200,7200,7200,7200
"wdbc",3,10,"non-inc",164.22,2.43,2.03,5.14,2.29,13.7,2.99,5.71,4.01,19.23,4.59,5.59,3.61,31.07,3.93,7.56,4.55,7.4,23.81,10.76,3.82
"wdbc",3,20,"non-inc",2767.29,7.03,8.51,211.84,22.83,118.25,109.09,248.51,39.15,121.62,121.77,62.53,36.68,248.76,114.73,320.82,45.14,253.15,250.01,387.09,39.78
"wdbc",3,30,"non-inc",7200,49.99,138.53,7200,7200,7200,7200,7200,7200,7200,7200,7200,7200,7200,7200,7200,7200,7200,7200,7200,7200
"wdbc",3,40,"non-inc",7200,771.79,1483.8,7200,7200,7200,7200,7200,7200,7200,7200,7200,7200,7200,7200,7200,7200,7200,7200,7200,7200
"wdbc",3,50,"non-inc",7200,7200,7200,7200,7200,7200,7200,7200,7200,7200,7200,7200,7200,7200,7200,7200,7200,7200,7200,7200,7200
"wdbc",3,60,"non-inc",7200,7200,7200,7200,7200,7200,7200,7200,7200,7200,7200,7200,7200,7200,7200,7200,7200,7200,7200,7200,7200
"wdbc",3,70,"non-inc",7200,7200,7200,7200,7200,7200,7200,7200,7200,7200,7200,7200,7200,7200,7200,7200,7200,7200,7200,7200,7200
"wdbc",3,80,"non-inc",7200,7200,7200,7200,7200,7200,7200,7200,7200,7200,7200,7200,7200,7200,7200,7200,7200,7200,7200,7200,7200
"wdbc",3,90,"non-inc",7200,7200,7200,7200,7200,7200,7200,7200,7200,7200,7200,7200,7200,7200,7200,7200,7200,7200,7200,7200,7200
